DBID,X,Y,PX,PY,u_location,u_scale,u_mean,u_sd,xobs,zobs
7428,620463.947029178,3125317.95797767,668300.510460498,3131687.51773394,-1.35666063604,0.105654605498,0.25896064252,0.0274369176743,18607.8671084392,-899.233459
7431,618967.790073348,3134742.58510545,667041.394806292,3141143.70751228,-1.22932933986,0.105858576354,0.294132091783,0.0312238374173,28147.5158102815,-1026.834839
7436,633718.086052022,3155526.03118541,664579.196842006,3159635.26636498,-1.17175310081,0.105587917864,0.311555216443,0.0329883690246,46802.2784091002,-1407.59314
7437,626470.179336434,3159723.77688809,663903.729643995,3164708.14906015,-1.1771031405,0.104279564749,0.309850292154,0.0323990923632,51919.9336118732,-1699.765503
7438,629830.317436329,3162982.92033231,663535.862462569,3167470.89914523,-1.12975703888,0.104922354783,0.324895174521,0.0341828005506,54707.067317997,-1643.625244
7439,636332.104340252,3161457.01371388,663848.767192016,3165120.92716744,-1.24790085381,0.10404357799,0.288665032339,0.030115205719,52336.3548372997,-1566.224365
7440,635542.069429177,3170571.14355997,662642.575969501,3174179.64474509,-1.36671893005,0.104816918078,0.256346396733,0.0269434093189,61475.023307983,-1478.954468
7441,641131.213888957,3164916.84720863,663479.711085749,3167892.60629639,-1.22573373135,0.104247113773,0.295141610868,0.0308514422392,55132.4963937094,-1655.199585
7442,638252.704839324,3173480.2636661,662309.188549486,3176683.44549035,-1.10873671092,0.10430272299,0.331775354586,0.0346994042165,64000.9222259494,-1800.0979
7443,639488.623378006,3177060.34383329,661862.32681226,3180039.4591955,-1.09646877428,0.103873041122,0.335855601127,0.0349806570329,67386.5556085474,-2018.875488
7444,648962.213333529,3168245.71084055,663180.607900678,3170138.92614151,-0.936769844973,0.103905003033,0.394012864128,0.0410506561488,57398.6419234336,-2154.375732
7445,649799.116411732,3172261.75918277,662669.756030762,3173975.51749387,-1.08699233609,0.105917075032,0.339126148043,0.0360202248778,61269.094460018,-2031.967407
7446,641205.065990403,3181124.39687731,661360.516572407,3183808.14624575,-1.07229304746,0.104509146363,0.34409690296,0.0360596911071,71188.5045297547,-2203.92041
7447,642227.437511603,3184250.62493204,660969.313486847,3186746.15325611,-1.15498800358,0.104808568596,0.316796525827,0.0332943817755,74152.4419526994,-2113.137695
7448,641195.348611786,3188439.11196933,660403.341744114,3190996.70497516,-1.18379567895,0.10476334802,0.307799094507,0.0323347443313,78440.5084085523,-2567.562256
7449,637311.368291849,3194284.89089505,659570.859616447,3197248.79862517,-1.18000378216,0.104667531227,0.308965352527,0.0324274129775,84747.7821065479,-2674.178955
7451,646161.944874884,3200371.01906562,658928.777240297,3202070.9551776,-1.16111760123,0.105038555781,0.314868227798,0.0331647391959,89612.4982949727,-2665.244385
7452,632546.956059578,3201680.53933345,658520.265761385,3205138.95140044,-1.32275076085,0.104018083013,0.267846592061,0.027936421243,92707.5721958252,-2932.100342
7453,646115.423331194,3204592.49754891,658375.658438366,3206224.97895099,-1.26200274936,0.104301902419,0.284630535628,0.0297684314029,93803.184863894,-2914.458252
7454,643915.823432452,3206695.75911058,658062.163936196,3208579.38023024,-1.37833404835,0.10501401811,0.25339136801,0.0266831769583,96178.365738399,-2592.347656
7455,636747.474383333,3205438.57916033,658101.766550216,3208281.9573266,-1.25600521202,0.104187493335,0.28633933223,0.0299141201478,95878.317824485,-2665.053955
7456,645754.726781287,3210688.19311462,657571.857180647,3212261.67400094,-1.13005107369,0.104265731795,0.324777351971,0.0339553915331,99893.1588858415,-3089.435303
7457,641098.231916447,3216552.91659984,656723.43870949,3218633.452517,-1.07571406196,0.106795888723,0.343004613647,0.0367361799866,106321.173770695,-3228.214844
7458,648625.643315207,3214711.89207821,657095.438367659,3215839.66677272,-0.715697982433,0.10481345496,0.491543395041,0.0516621847568,103502.730489267,-3476.975586
7459,649975.869945036,3221906.47123261,656177.672499683,3222732.25697337,-1.2170593145,0.105570460644,0.297754263015,0.0315218425019,110456.153665121,-3961.795166
7460,630191.638292969,3209487.56705656,657457.818149792,3213118.12806399,-1.13204382139,0.104219683835,0.324129241197,0.0338725841206,100757.171884979,-3039.891846
7461,636423.639662644,3215592.61996288,656767.642289441,3218301.47551433,-0.834612384637,0.104493051045,0.436418782731,0.0457274955165,105986.266788411,-2979.419189
7462,628493.182539225,3214632.4887631,656755.104664594,3218395.63537925,-1.19575017937,0.104885288689,0.304145304183,0.0319883028166,106081.257694288,-3002.787842
7463,628152.364373517,3218680.23762015,656219.58855363,3222417.45971104,-0.853170254724,0.104614961518,0.428399927503,0.0449399446546,110138.578049018,-3283.521973
7464,636653.157019328,3218615.13586344,656376.196065435,3221241.30853908,-0.768509541725,0.104932040802,0.466263583409,0.0490609765609,108952.046341869,-3200.230469
7465,637541.502743162,3227703.08908346,655202.668232207,3230054.71806511,-0.822733878511,0.104793960362,0.441647603765,0.0464093572912,117843.241708576,-3864.985107
7467,645041.817309658,3232728.04971115,654675.898948527,3234010.8521178,-1.97010764822,0.10793896621,0.140256521296,0.0151833469938,121834.292011574,-4369.464355
7469,629054.535979704,3223100.52586554,655656.985822003,3226642.70953802,-0.80882402971,0.105173858045,0.447851641176,0.0472328415633,114401.119302075,-3415.875244
7470,628867.084776126,3225541.71065991,655334.332945969,3229065.89188677,-0.968480057967,0.104879453007,0.381753484152,0.0401484510871,116845.688297558,-3732.638916
7471,638507.525530269,3235635.70831777,654181.649311036,3237722.75765592,-1.54450642108,0.105895062995,0.214617149347,0.0227907591638,125578.958275488,-4271.011719
7472,631059.50894413,3235905.68553129,654016.5774778,3238962.47743617,-1.50544346066,0.105588244209,0.223159387205,0.0236288359429,126829.619637996,-4195.550293
7473,651609.229199604,3184539.04046574,661095.016949938,3185802.09716499,-1.18359015766,0.107279148856,0.307944486845,0.0331313021134,73200.0537630342,-1862.531982
7474,651284.951683786,3194779.23084968,659749.613773939,3195906.32207724,-0.942783777121,0.105488800581,0.391715356787,0.0414368055819,83393.4570604198,-2340.29541
7477,671974.432556789,3193521.08324253,660274.646871316,3191963.2271025,-0.79682787185,0.106927035126,0.453340773724,0.0486132720854,79415.5609163364,-3222.217285
7478,669831.212280217,3204184.81356573,658842.143407332,3202721.591172,-0.83629362535,0.105348753605,0.435724792232,0.0460307209294,90268.8767058206,-3100.284912
7480,678155.473186841,3195873.05392566,660074.609948775,3193465.54112417,-0.881321644374,0.105177251869,0.416532613292,0.0439311939348,80931.1341379562,-3272.360107
7481,674085.558551965,3206216.40673414,658650.4579785,3204161.18394231,-0.95790867228,0.10532295309,0.385828538085,0.0407495565778,91721.1751076451,-3303.225586
7482,677728.843989705,3208656.84687317,658394.636777051,3206082.44814242,-1.1527091499,0.105207533535,0.317532584572,0.0334994754537,93659.3960996222,-3367.712402
7483,684854.919111833,3195569.93782128,660230.976788548,3192291.19744336,-1.26896461599,0.104600669674,0.282664678373,0.0296479744252,79746.4258746064,-3322.192627
7484,685828.407071185,3200198.63807946,659642.349287755,3196711.89806578,-0.992042758392,0.105306231055,0.372880212421,0.0393757225322,84206.1429427331,-2924.51709
7486,682126.719842063,3213765.9873206,657802.807237914,3210527.1966608,-1.52945648189,0.105414712376,0.217860495246,0.0230296496124,98143.3733068584,-3981.132813
7487,695586.362669137,3201197.17788528,659681.698169711,3196416.38073654,-1.57755349016,0.107038147453,0.207665865326,0.0222919896962,83908.0174215294,-4040.21875
7488,696311.132796996,3206971.52219425,658938.849863398,3201995.30792844,-1.50697270776,0.107028823115,0.222852508485,0.0239201111506,89536.1833944535,-3947.780762
7500,699575.467945994,3227235.40831238,656344.533563101,3221479.09974588,-2.33226194883,0.109978636696,0.0976647778185,0.0107736001328,109191.936258472,-4663.040039
7501,698183.760503541,3221385.46368718,657085.654341203,3215913.14660808,-1.72079790019,0.10670577811,0.179944854549,0.0192559422755,103576.858846716,-4527.663574
7502,688152.618910292,3218853.0081433,657242.233035458,3214737.2118612,-1.46975570624,0.107933999408,0.231325184764,0.0250407464497,102390.545474788,-4147.703613
7503,683242.677435316,3229914.07432228,655709.546642969,3226247.96812067,-2.60726308644,0.109575586321,0.0741800760378,0.00815278527955,114002.893955722,-4591.773438
7504,691931.351485746,3228359.03192633,656064.360473482,3223583.25109796,-1.72588233234,0.109445828458,0.179085284362,0.0196589785662,111314.658537198,-4759.095215
7505,692233.495176285,3231734.16351542,655628.045712969,3226860.05507122,-1.98319105705,0.108217850996,0.138437612596,0.015025390378,114620.383094603,-4837.378418
7509,699345.955437275,3233772.61017056,655485.254069801,3227932.44653268,-2.68190106956,0.110096450184,0.0688489396094,0.00760305176016,115702.239323485,-4928.786133
7510,699618.427310255,3243648.0379458,654197.969664662,3237600.18880324,-2.83011521477,0.106308080498,0.0593404244807,0.00632623201433,125455.307648355,-4975.634277
7515,684820.886910027,3235459.32959476,655011.538265534,3231490.13921261,-2.86809080724,0.110972703987,0.0571581474284,0.00636257276981,119291.331669466,-4730.841309
7517,679595.471517842,3241920.7747375,654075.137942753,3238522.67759074,-3.76717843344,0.105026795175,0.0232450489133,0.00244810090207,126385.938184588,-4601.365723
7519,680889.726272506,3249073.37844339,653161.888774107,3245381.34655,-3.85814026662,0.107390223826,0.0212292796089,0.0022864059979,133305.140735229,-4565.981445
7520,681921.225095814,3257559.0574495,652069.652068001,3253584.24478361,-3.21441508624,0.106669140092,0.0404080630486,0.00432258341074,141580.43652771,-4783.011719
7521,677832.203910111,3255051.37236607,652326.506077479,3251655.22400555,-5.42491167973,0.11168175223,0.00443301529555,0.000496634716633,139634.390499381,-4779.446777
7522,697611.285260249,3249338.48314596,653418.506204854,3243454.10252164,-3.09476952216,0.105444074118,0.0455379016823,0.00481507972162,131360.887137931,-5019.229004
7523,696561.792586125,3252824.43401178,652944.14613525,3247016.63375256,-3.05598463028,0.104613946544,0.0473346548356,0.00496544439111,134954.860739234,-4991.541992
7524,696195.200713217,3255748.42236538,652555.205896932,3249937.64636461,-3.2571828445,0.109440149833,0.0387279285487,0.00425111298231,137901.653773835,-5021.037109
7525,687791.744499409,3258462.54345318,652053.715119519,3253703.93419326,-3.94623279725,0.108085130883,0.0194406003254,0.00210739167164,141701.182298277,-4815.619141
7526,698327.68131172,3259427.59138268,652110.998846323,3253273.72288578,-3.25948279258,0.106314786367,0.0386259335037,0.00411813903314,141267.174009827,-5093.261719
7527,699714.225677091,3268567.67801673,650939.329232913,3262073.17683975,-2.92783943728,0.105837845626,0.0538130857145,0.00571144798214,150144.290634675,-5132.555664
7529,693957.46779266,3273752.73163623,650160.66656499,3267921.07646405,-3.90160479255,0.105482235749,0.0203221970105,0.002149607399,156043.802950647,-5076.518066
7533,679021.050802099,3265312.59612007,651004.71078406,3261582.14938442,-3.55046104405,0.106227729283,0.0288738517023,0.00307587691346,149648.929444106,-4996.838379
7534,677726.39167927,3273274.68123178,649940.454014848,3269574.91315392,-3.32084699811,0.104815990961,0.0363211957872,0.00381752251605,157712.236156978,-5150.750977
7535,685636.226236461,3277363.41669161,649543.307944302,3272557.55307287,-4.07087524612,0.106281733162,0.0171590878365,0.00182885976877,160721.200411908,-5097.199219
7536,683998.180347685,3279543.8248267,649229.50281434,3274914.28722387,-3.41813288686,0.105141666694,0.0329552235231,0.00347456532235,163098.734747749,-5006.663574
7541,678685.853395611,3225536.62033067,656202.878511266,3222542.95519772,-3.08378269754,0.105719747571,0.046042317256,0.00488121471404,110265.18114018,-4530.569824
7542,655322.164248433,3197668.82265698,659441.891247814,3198217.37475646,-0.962109867595,0.105683872013,0.384225627554,0.0407201005078,85724.9067466078,-2349.372803
7543,662969.598707565,3200209.30823578,659242.73602954,3199713.06701717,-1.05017874026,0.104637611185,0.351795856262,0.0369120696399,87233.799764595,-2343.139648
7544,652807.822728636,3201954.8611269,658837.33463558,3202757.70593091,-1.16340025104,0.104818973363,0.314143075482,0.0330188075795,90305.3102082128,-2822.32959
7545,653120.254612402,3208481.05713926,657988.936139065,3209129.33443374,-0.876863910443,0.104346088647,0.41835711992,0.0437730262586,96733.17375584,-3030.152344
7547,666152.028196368,3208246.02773616,658246.708800982,3207193.41440716,-0.551456463917,0.104973454035,0.5792930774,0.0609783043699,94780.1675872543,-3275.67627
7548,671630.610874353,3220094.22795949,656792.015091719,3218118.43129357,-2.02283526485,0.105695300435,0.133020833978,0.0140990354625,105801.607046605,-4174.638184
7549,670381.133328716,3213639.50059729,657614.739111479,3211939.62282585,-1.80832393255,0.11101533777,0.164941942614,0.018367648908,99568.2653350167,-4016.541992
7550,656272.176794901,3214081.67780397,657311.099378194,3214220.01298111,-0.629486603969,0.104484792795,0.535781919126,0.0561341981932,101868.781874372,-3552.303223
7551,657064.58392929,3219740.09809992,656584.596035549,3219676.1864944,-0.973781814705,0.10597769402,0.37977884638,0.0403613605451,107373.110762979,-3857.058594
7553,654099.257116113,3229350.67729085,655275.557710446,3229507.30469862,-1.74552859975,0.105307334183,0.175523247154,0.0185352487187,117290.996953191,-4192.05127
7556,669002.835437903,3230034.19070966,655445.762946507,3228229.0321205,-1.1565627343,0.106153916908,0.316342937923,0.0336758677029,116001.44253155,-4159.162109
7557,661254.931676488,3246055.41196285,653214.685585382,3244984.83280208,-2.7040188171,0.110480717409,0.0673457270128,0.00746316644882,132905.127415989,-4684.419922
7558,656451.472536506,3239238.05204641,654022.940908866,3238914.68690033,-2.26025678027,0.113619702296,0.10499925103,0.0119685897372,126781.407309996,-4634.85791
7559,655567.009398269,3248638.31162487,652777.669488424,3248266.90394084,-2.66140246627,0.106684380267,0.0702488256401,0.00751582771276,136216.165626104,-4663.986816
7561,644774.381641311,3243504.12664142,653261.374396934,3244634.19125372,-2.38888339064,0.105247288376,0.0922415227325,0.00973511661766,132551.39115751,-4853.940918
7563,673510.34634045,3237954.70122191,654488.023571956,3235421.83069598,-1.99564613117,0.106979917621,0.136705844798,0.0146667240207,123257.723676669,-4307.968262
7566,673744.01073702,3244601.15753115,653622.518881929,3241921.92985335,-2.03973993857,0.108166679765,0.130825628414,0.0141924666304,129815.191741713,-4328.948242
7570,672129.928187449,3252382.25631237,652576.376492086,3249778.65130738,-2.40916983553,0.105175204718,0.0903884374857,0.00953297324943,137741.255449893,-4608.620605
7571,664839.469740338,3251082.04634221,652619.481613813,3249454.92392769,-2.37268704156,0.110398997395,0.0937997514985,0.0103870315257,137414.670900532,-4503.042969
7573,671491.575938354,3261834.39505202,651328.605002089,3259149.64432934,-2.65233397425,0.105967120278,0.0708833678531,0.00753244195099,147194.955461473,-5115.988281
7574,662422.227270342,3261434.6084271,651222.915531375,3259943.39166248,-2.69246231666,0.106840201745,0.0681015774541,0.00729679927078,147995.70829043,-4721.266113
7575,669731.824267994,3265248.80035027,650851.232214111,3262734.80162848,-2.41686391283,0.105451633153,0.0896982616809,0.00948518485885,150811.754825307,-4922.443359
7576,661877.78106005,3265212.92499687,650719.102683395,3263727.11866751,-2.72408824287,0.106776288148,0.0659810529286,0.00706534062336,151812.829906825,-4805.621094
7578,670533.278055098,3270275.55567292,650207.529044587,3267569.13063678,-2.61450328398,0.104984728269,0.0736086754383,0.00774912928133,155688.750901887,-5214.860352
7579,658755.040267435,3270227.69577444,650008.605131753,3269063.08575117,-2.75276949626,0.105086095456,0.0641040360247,0.00675508348852,157195.891441753,-4965.868652
7580,670450.26612255,3273418.35055991,649794.901879378,3270668.03641948,-2.47979577348,0.104580201069,0.0842196287585,0.00883184318274,158815.00716578,-5312.319336
7581,669458.49839405,3278375.24528879,649129.099538012,3275668.33426645,-2.55875788666,0.106843086894,0.0778438669579,0.00834087137725,163859.436897296,-5106.891113
7582,656923.492841223,3275855.74266759,649240.364412207,3274832.71462934,-2.55709214563,0.104946307732,0.0779579826136,0.00820398114197,163016.442205641,-4960.786621
7583,652259.670279418,3280526.88470049,648547.97803547,3280032.66346366,-2.91919530963,0.104963209306,0.0542752654727,0.00571263322037,168262.285014399,-4951.431641
7584,644324.957358755,3286710.29333438,647600.756086209,3287146.47424387,-3.01274981811,0.104616047726,0.0494260552613,0.00518493873209,175438.881229723,-5026.883789
7585,670526.115473125,3285180.05003722,648257.405728054,3282214.91485103,-2.77590754707,0.104457605464,0.0626336972235,0.0065604537946,170463.796627706,-5160.15625
7586,667893.904782171,3289920.58252696,647591.332967832,3287217.24359327,-2.68899506492,0.104165064064,0.0683188279717,0.00713578277173,175510.275178873,-5110.868652
7587,657969.953335635,3292567.51153665,647072.144981268,3291116.44071244,-3.53926625483,0.104595601487,0.0291938813375,0.00306192229139,179443.88603145,-4893.845703
7589,659617.891342682,3253011.42462603,652276.091681254,3252033.84537895,-2.95815124855,0.108513264992,0.0522213593826,0.00568343276419,140016.353528668,-4748.347656
7590,650434.207948218,3260443.48800126,651143.746600352,3260537.9648725,-2.74377575909,0.105653914667,0.06468704145,0.00685355637033,148595.529115105,-4988.988281
7592,650543.601129662,3271329.55574406,649721.396265089,3271220.07708085,-2.90940947083,0.106796318063,0.0548196406044,0.00587126891678,159371.92005586,-5318.726074
7593,643708.450711295,3275019.83715198,649119.512621459,3275740.33377024,-3.08625485919,0.104743596857,0.0459239161477,0.00482345990596,163932.071857988,-5260.708008
7594,639742.473070039,3268649.60069263,649883.859020377,3269999.95195511,-3.05277623187,0.105447666292,0.0474909255757,0.00502176028883,158141.026287366,-5333.544434
7596,648109.60683708,3250714.00780075,652376.186657599,3251282.11372585,-2.72220133623,0.105792916759,0.0660987617283,0.00701239254375,139257.987203889,-5216.358398
7597,645239.810440853,3251192.85236039,652263.54406151,3252128.08030738,-3.07452186205,0.104786076623,0.0464661215322,0.00488239875613,140111.420160557,-5040.767578
7598,645957.372708339,3261636.3407565,650909.692427793,3262295.7546885,-2.86375427564,0.105119378502,0.0573702596913,0.00604742446685,150368.832922382,-5251.683594
7599,638882.093935754,3260607.17178776,650921.085051656,3262210.19399122,-2.90583001653,0.104579505518,0.0550033283544,0.0057679846034,150282.51707913,-5359.218262
7600,642841.385753932,3252801.142104,652011.344494276,3254022.14536948,-2.6081702064,0.105548059521,0.0740807170003,0.00784090344859,142022.201958976,-5282.457031
7601,638496.632719528,3249651.84492382,652347.6874519,3251496.14799404,-2.4277407359,0.107294782296,0.0887453141127,0.00954937945712,139473.910506676,-5415.43457
7602,633543.528543474,3253818.65569642,651716.244708844,3256238.39894815,-2.56556842101,0.107887788707,0.0773241824374,0.00836666975285,144258.015861864,-5301.066406
7603,652137.348391725,3173237.47167207,662582.834435845,3174628.31463337,-1.08732469462,0.104784896316,0.338973021498,0.035616975541,61927.6530899136,-2091.563721
7604,654313.821397067,3181399.71506088,661552.86004861,3182363.61141884,-1.28990557651,0.104289398727,0.276797956689,0.0289457622516,69731.2204534788,-1912.28772
7605,656343.445551653,3170091.7877787,663067.666754693,3170987.13488759,-0.933644493827,0.104427409843,0.395267727767,0.041389572785,58254.3368336527,-2518.484131
7606,662013.045959722,3172279.13534203,662880.258291094,3172394.6068636,-0.966912123895,0.104522158992,0.3823382148,0.0400722117632,59674.2309478347,-2596.236328
7608,662829.976408108,3177415.49747525,662222.484557163,3177334.60839442,-1.05985040728,0.104654713171,0.348410428193,0.0365628622987,64657.8321968859,-2008.435303
7609,663569.559116284,3185571.67838187,661168.271656617,3185251.94086585,-1.07111775628,0.105083346669,0.344522285434,0.0363037295881,72645.0418662774,-2504.915527
7610,667093.954544708,3176890.12591214,662365.50208814,3176260.52047403,-1.11513542844,0.105989179846,0.329717657092,0.0350448788271,63574.2645363849,-2564.765625
7611,670878.03918092,3178104.56720528,662272.534722856,3176958.7224592,-1.26650062216,0.10462909913,0.283362863927,0.0297293275486,64278.6287483469,-2637.952881
7613,672823.603994205,3180190.24167839,662033.553008214,3178753.51902111,-1.5199533097,0.10433492748,0.219915824632,0.0230074867306,66089.2659175705,-2634.050781
7614,671042.670283817,3188682.79709946,660891.421997845,3187331.13264197,-1.10372889463,0.104750256511,0.33345659017,0.0350257001995,74742.5842795494,-2863.931396
7615,678172.714407597,3179116.26532057,662267.249909349,3176998.4123791,-1.48701630624,0.104593412667,0.227285938037,0.0238377771328,64318.6689655759,-3213.827637
7616,676517.754211234,3189993.60292582,660815.305430262,3187902.78204204,-1.12658312997,0.104545770054,0.325915145636,0.0341663652796,75319.2789721356,-3234.1521
7617,685134.608134209,3178858.07970817,662422.31039529,3175833.87965546,-1.65436819685,0.104865319077,0.192267080501,0.020217705395,63143.8582494477,-3679.479736
7618,679805.130766502,3189849.71853458,660891.398762409,3187331.30714437,-1.32513711618,0.104206645391,0.267213422757,0.0279211791951,74742.7603220748,-3414.387451
7620,689206.923723773,3186710.91276721,661465.844037287,3183017.11764289,-1.85274651192,0.104267153559,0.157660594551,0.016483602017,70390.4944261939,-3749.070557
7621,628196.190305973,3166664.18225784,663025.764514322,3171301.82840741,-1.04874679994,0.104691346076,0.352301949163,0.0369842583143,58571.8077916386,-1941.599121
7622,623958.625782075,3173229.4443452,662092.990605912,3178307.13174768,-1.28687212064,0.104681166714,0.277650250992,0.029144558243,65638.9388965125,-2038.181763
7623,633084.241883946,3176413.52664682,661835.382759384,3180241.81398042,-1.1511517911,0.104638829447,0.318008505792,0.0333673331231,67590.6963466745,-2100.801514
7624,624684.480607409,3179810.93194431,661244.560281222,3184678.99928595,-1.13965812312,0.104927773148,0.321694415467,0.0338478004894,72067.0435892763,-2148.074951
7625,632685.478640184,3181250.82348896,661195.558333108,3185047.01291467,-0.751634482054,0.106750471876,0.474289848034,0.0507752506178,72438.3052515022,-2522.669678
7626,632300.351522328,3188220.21399671,660277.023415284,3191945.37882089,-1.61415098896,0.106887811024,0.200199985029,0.0214602046359,79397.5551084501,-2946.741699
7627,623082.466523831,3185942.04825553,660414.500159674,3190912.90322525,-1.21023693663,0.105163114976,0.299779733324,0.0316131348086,78355.9670368748,-3122.309082
7628,625883.438912099,3194966.74009173,659282.568361009,3199413.91889331,-1.69085165536,0.103775397095,0.185357851694,0.01928748965,86932.0114039168,-3098.524414
7629,623739.24929151,3188762.40434289,660056.946372253,3193598.19782747,-1.50912971084,0.109277525396,0.222426421477,0.0243789533911,81064.961649574,-2954.643066
7630,652095.680049038,3161325.75918153,664140.552686224,3162929.56452447,-1.48268664049,0.104838886837,0.228278011442,0.0239983248768,50125.6515538183,-2473.348633
7631,635527.856161139,3145808.27684233,665882.12655786,3149850.02493796,-0.815905376338,0.106625640794,0.444759824519,0.0475579088653,36930.673897699,-1413.852173
7632,641010.235751834,3144513.45192821,666147.039367861,3147860.48108811,-1.18498172686,0.104409237578,0.307422860792,0.0321854623141,34923.5706299589,-1725.140625
7633,645461.367605396,3153336.09659569,665070.28898183,3155947.07421416,-1.2845755799,0.104521505262,0.278283971239,0.029166281753,43081.5348233087,-1760.724121
7634,642232.720638217,3148739.59308408,665615.417560008,3151853.05848842,-0.958810877157,0.10642244395,0.385525473568,0.0411450073483,38951.385924141,-1837.492554
7635,635491.122292582,3137708.72310202,666941.174904422,3141896.377379,-1.08777170084,0.104447218506,0.338809563135,0.0354844492917,28906.8286292208,-1419.277832
7636,629149.172715567,3140773.12322409,666429.769059169,3145737.12918787,-0.884024585503,0.107056072403,0.415491100294,0.0446085989215,32781.4783418905,-1395.14502
7637,626175.09043911,3135054.71250622,667126.114738737,3140507.44526223,-1.2202144029,0.105541476584,0.296815394354,0.0314137738109,27505.6380043174,-1297.962646
7642,620207.08013887,3160342.62154383,663713.656596342,3166135.63255172,-1.27611158788,0.104204936604,0.280640088772,0.0293236504973,53360.0158602731,-1622.683472
7644,617689.74775633,3162580.02809116,663377.076380306,3168663.4117814,-1.19135043815,0.104300496732,0.305467728387,0.03194728169,55910.1048931951,-1548.509277
7645,619943.999026717,3167081.79414142,662827.367891419,3172791.82347759,-1.32061145362,0.104409892548,0.268431171932,0.0281034267876,60074.9533365329,-1959.447144
7647,618115.876166543,3172792.30469368,662048.397868904,3178642.03139131,-0.951294396049,0.104270672231,0.388346145494,0.0406034274195,65976.7943145494,-1931.04541
7649,618645.18808834,3180464.48271356,661053.84540826,3186111.30300345,-0.971204563368,0.104383581831,0.3806950579,0.0398468063416,73511.9886061993,-2319.471191
7650,615016.282909933,3182448.84672348,660731.007071143,3188535.87819898,-0.726524166664,0.105102807561,0.486265325608,0.0512493182991,75957.9627415282,-2186.558105
7652,617073.540808441,3188389.45146144,659989.619343983,3194103.83617325,-0.772829430306,0.10446527522,0.464231033596,0.0486286331913,81575.0626841293,-2679.791992
7654,618848.783282156,3197678.2923731,658805.259180738,3202998.59848689,-1.05654415376,0.104695452802,0.349565758481,0.0366984635427,90548.3288460341,-2675.063477
7656,619421.385324048,3203244.61811734,658086.975670994,3208393.03954565,-1.12622335045,0.104109824289,0.326017596298,0.034033814804,95990.3804386655,-2657.66748
7657,616406.334072421,3206913.19047242,657554.48122269,3212392.17063599,-1.08620119315,0.10407809532,0.339329024624,0.0354125746335,100024.807264773,-2338.871094
7658,612982.625428045,3217574.75110858,656099.95457625,3223315.93284992,-1.19024752651,0.104526425186,0.30581203217,0.0320529493528,111044.980978089,-2600.072266
7659,622311.3331923,3208380.57735135,657465.368137352,3213061.42627099,-1.15718677905,0.104449787622,0.316088860761,0.0331056669238,100699.969650394,-2933.674561
7660,623218.276752924,3214697.90449798,656654.653395296,3219150.04285786,-0.965230985415,0.104568998189,0.382983394276,0.0401579181592,106842.323461011,-2993.895752
7661,622103.042903738,3218278.37279148,656166.782074899,3222814.04606333,-0.760750565444,0.10552623384,0.469924764591,0.0497277656212,110538.664613423,-3297.933105
7662,615714.861768868,3222948.60190069,655444.475544317,3228238.70074735,-0.706321326246,0.104820229945,0.496174457165,0.0521523079417,116011.196492268,-3395.193359
7663,623085.737621068,3221911.21835556,655708.605541479,3226255.03596567,-0.912231927606,0.106577874807,0.403914318713,0.0431708642783,114010.024180471,-3496.061523
7666,625112.274794215,3228545.58896829,654875.915220557,3232508.69318526,-0.951574340387,0.105213233144,0.3882757763,0.0409650663638,120318.875247879,-4058.995605
7668,618189.272880095,3232944.60678024,654179.775085057,3237736.8334372,-1.15827342973,0.109374071321,0.31591184179,0.034656157695,125593.158287515,-4322.115234
7671,618610.074394811,3244269.5883991,652705.425327317,3248809.47085717,-2.14800371268,0.106162193264,0.117376506449,0.0124961399407,136763.521157279,-4620.259766
7672,623035.671829578,3249655.37952814,652077.88370166,3253522.42370323,-1.96088877881,0.106502288512,0.141533702496,0.015116508548,141518.069823682,-4817.554199
7673,631025.986641651,3245982.01884798,652697.677370212,3248867.6594378,-1.99067781857,0.105030662625,0.137358346727,0.0144667169652,136822.223301669,-4761.415527
7677,609231.070157981,3223149.13527049,655305.286760119,3229284.03407634,-0.782071713774,0.104369417858,0.459955641311,0.048136329829,117065.755777628,-3113.493652
7682,606231.422277412,3227502.14634473,654683.513532744,3233953.66519204,-0.922611286992,0.104788750324,0.399668052205,0.0419959488854,121776.600362517,-2886.734619
7683,606685.392503345,3230918.6657052,654244.428819082,3237251.27202211,-1.00831338114,0.104339519958,0.366825135895,0.0383787659443,125103.311379645,-2954.561279
7685,609215.968905121,3236679.64158741,653534.788016255,3242580.80476485,-0.786959618345,0.104613286392,0.457724571287,0.0480153809553,130479.881785114,-3634.640137
7688,611131.529908091,3242508.75945386,652805.517978074,3248057.75666967,-0.918792445409,0.10583506443,0.401241449277,0.0425846070198,136005.172452247,-4181
7763,603466.36749405,3277819.49515413,648052.178505318,3283756.20898028,-2.11092632266,0.105732473986,0.121804662481,0.0129147861953,172018.693989531,-4894.46582
7764,603943.163841544,3281327.94033708,647601.464515574,3287141.15380924,-1.87443366869,0.105432468727,0.154297045747,0.0163132318883,175433.51383773,-4887.054688
7765,606440.241725717,3284034.49462543,647290.85904413,3289473.85793722,-1.9367651399,0.114075212908,0.14511067341,0.0166075306632,177786.806065135,-4850.516602
7767,615253.908593592,3275136.34546062,648608.570451871,3279577.60328972,-2.33595585447,0.105889283887,0.0972617399734,0.0103279129675,167803.208547098,-4788.696289
7768,618331.50216604,3276428.52157914,648493.125218455,3280444.61819223,-2.41175719697,0.104938167577,0.090152627178,0.00948655601598,168677.875594092,-4824.475098
7769,616230.279565909,3288135.04632455,646924.92154424,3292222.11575961,-2.52549388792,0.105026264903,0.0804613262088,0.00847390969101,180559.319602011,-4776.131836
7770,619643.26544084,3289619.36180199,646790.180937722,3293234.04245739,-2.54982914393,0.105029115669,0.0785269354446,0.00827041204073,181580.177414211,-4854.32373
7772,629517.818693199,3287022.11469753,647302.008342619,3289390.12465818,-2.48477586085,0.104526423932,0.0838007791169,0.00878337610622,177702.333768646,-4756.70459
7785,621922.784873371,3278066.11318585,648341.437110097,3281583.82374095,-2.20221223474,0.104897753305,0.111168249344,0.0116934521446,169827.135601424,-4803.599609
7787,629851.881779377,3277665.94301407,648531.923241328,3280153.23791585,-2.83616446269,0.104297109674,0.0589700542421,0.00616717003738,168383.923638765,-5075.416016
7788,636122.655158324,3285166.68559473,647659.820660481,3286702.88844487,-3.10907876923,0.104703489171,0.0448874353855,0.00471278153334,174991.380408488,-5000.143555
7789,634721.978428892,3278598.50426804,648494.754192892,3280432.38429508,-2.66743782237,0.104532343045,0.069810258018,0.00731741006797,168665.53372238,-5105.900391
7791,618664.793968177,3270740.67069697,649243.089553908,3274812.24831475,-2.38625491998,0.104815382236,0.0924801004569,0.00972002150581,162995.7952584,-4685.512207
7792,618528.600978606,3262333.80901106,650340.611245727,3266569.65886793,-2.22400013745,0.105135829397,0.108775041796,0.0114678296372,154680.457943966,-4776.542969
7794,625610.984342674,3257983.0810916,651033.210015576,3261368.11492234,-2.35346815745,0.105963008603,0.0955740367563,0.0101558068585,149433.00594572,-4958.626465
7795,629563.814307763,3268802.61751641,649686.519661979,3271482.00677471,-2.38740703064,0.105180442455,0.0923771553008,0.0097432046984,159636.161502207,-5070.15918
7796,630190.443050908,3263247.38943227,650424.242714538,3265941.57117965,-2.55417343466,0.104928759648,0.0781857078373,0.00822656263451,154046.826847238,-4918.729004
7803,608094.858777277,3253136.95598285,651362.09893333,3258898.09875513,-1.52678098919,0.106933189937,0.218479380868,0.0234296429053,146941.18978346,-4196.370605
7804,614008.424477713,3250201.43552479,651849.180313504,3255240.02814579,-2.17434484685,0.105954527725,0.114322524154,0.0121470649001,143250.833587394,-4581.252441
7985,621174.484759404,3115966.22078334,669536.403647172,3122405.73295119,2.74364484694,0.109692967604,15.6373318151,1.72047816332,9244.1626747074,-431.384735
7988,644096.667017274,3114734.02708944,670096.936418158,3118196.02890874,1.02953952956,0.114967229449,2.81834057025,0.325090431206,4997.30441096252,-210.918747
7989,641274.387755016,3118370.42551748,669572.009608527,3122138.32564298,2.41359794023,0.106825334966,11.2380322939,1.2039396615,8974.39526939684,-424.27887
7990,633985.00866873,3126701.59347878,668355.032222009,3131278.049293,-0.870084439976,0.104141696824,0.421194021216,0.0439830605188,18194.7847599764,-1185.216309
7991,640097.866343867,3126585.57602079,668476.701600644,3130364.28991693,-0.955077656425,0.106252133525,0.386960407075,0.0412316853879,17272.960679664,-1116.598755
7992,648542.419665725,3129617.38907105,668227.150970669,3132238.46097378,-0.778861980457,0.104385573675,0.461435126234,0.0482986802756,19163.6728913094,-1443.411865
7993,643733.453259695,3134268.61858836,667534.841294024,3137437.83377633,-1.12416968435,0.104304722146,0.326694450577,0.0341686659387,24408.9345843258,-1385.239868
7994,645668.682125917,3119090.29096026,669554.379348865,3122270.73213054,2.68970498885,0.108057862413,14.8135638833,1.60540614314,9107.97035691398,-460.082367
7995,650830.722577538,3123825.99745144,669024.719574393,3126248.57429986,-1.2090830191,0.105290627331,0.300129881105,0.031688648792,13120.9203691503,-924.081726
7996,653099.309621815,3116620.10230351,670007.008342091,3118871.40527377,1.1937593789,0.116875892836,3.32207426373,0.389600117693,5678.64154726761,-205.553925
7997,655436.318933697,3122383.20269806,669293.717502065,3124228.35046614,-1.44586177762,0.106683252537,0.236887219206,0.0253439766893,11082.8663405605,-887.86554
8000,658880.087091931,3119263.04351524,669761.930016691,3120711.988502,2.39415798267,0.109952961646,11.0254122129,1.21594997286,7535.46948911513,-360.752533
8001,669222.749297738,3117786.32405098,670135.31031914,3117907.83386565,1.04106819229,0.108970348746,2.84910656948,0.311392086968,4706.565801316,-217.109604
8003,672046.502236668,3121751.26141674,669665.757833154,3121434.25926076,1.86504003773,0.107996016185,6.49395411232,0.703371052539,8264.1149020819,-318.517761
8005,676073.169593489,3126866.31106473,669066.688451092,3125933.38032898,2.7303408997,0.107710393647,15.4273462339,1.66651672799,12802.9445431983,-546.64978
8006,678025.457039544,3132883.65712535,668313.431770031,3131590.47632657,-1.20349534077,0.106179187253,0.301839961504,0.0321396649251,18509.9692280515,-1031.165283
8008,687325.906475143,3138329.11783143,667763.006905778,3135724.26813331,-0.924987081316,0.104459813479,0.398705928551,0.0417626218838,22680.2452659917,-1626.533325
8009,681088.971088004,3143082.78998718,667032.418089791,3141211.12430162,-0.589012605111,0.104801271748,0.557930457875,0.0586327430003,28215.5276101701,-2056.372314
8010,690365.137388027,3133760.4461235,668413.685209409,3130837.554587,-0.910322949549,0.105942996128,0.404658818514,0.0429913439036,17750.4023132707,-1241.674805
8011,693323.976295001,3131544.93297382,668755.092416581,3128273.52376749,-1.23727002061,0.106319239796,0.291819992679,0.031113964608,15163.7417393817,-902.505493
