x,z,coordx,coordy
0,-109.060574213664,-60894.4455000013,3146882.1959
200.132310878802,-110.193695704142,-60859.9707829843,3147079.33654965
400.264621757604,-109.016612370809,-60825.4960659673,3147276.4771993
600.396932636406,-107.906310399373,-60791.0213489502,3147473.61784895
800.529243515208,-108.937135696411,-60756.5466319332,3147670.7584986
1000.66155439401,-108.957665761312,-60722.0719149162,3147867.89914825
1200.79386527281,-108.198755264282,-60687.5971978992,3148065.0397979
1400.92617615161,-109.267391840617,-60653.1224808822,3148262.18044755
1601.05848703042,-109.865900675456,-60618.6477638651,3148459.3210972
1801.19079790922,-112.030735651652,-60584.1730468481,3148656.46174685
2001.32310878802,-110.864863077799,-60549.6983298311,3148853.6023965
2201.45541966682,-110.954231262207,-60515.2236128141,3149050.74304615
2401.58773054562,-112.854011535645,-60480.7488957971,3149247.8836958
2601.72004142442,-112.845324198405,-60446.27417878,3149445.02434545
2801.85235230323,-113.344956080119,-60411.799461763,3149642.1649951
3001.98466318203,-111.902935028076,-60377.324744746,3149839.30564475
3202.11697406083,-111.478785832723,-60342.850027729,3150036.4462944
3402.24928493963,-112.204519907633,-60308.375310712,3150233.58694405
3602.38159581843,-114.114391326904,-60273.9005936949,3150430.72759369
3802.51390669724,-115.664850234985,-60239.4258766779,3150627.86824334
4002.64621757604,-115.252771377563,-60204.9511596609,3150825.00889299
4202.77852845484,-115.282068888346,-60170.4764426439,3151022.14954264
4402.91083933364,-115.473886489868,-60136.0017256269,3151219.29019229
4603.04315021244,-117.725679397583,-60101.5270086098,3151416.43084194
4803.17546109125,-118.134037653605,-60067.0522915928,3151613.57149159
5003.30777197005,-119.115403493245,-60032.5775745758,3151810.71214124
5203.44008284885,-117.727067947388,-59998.1028575588,3152007.85279089
5403.57239372765,-119.623980204264,-59963.6281405418,3152204.99344054
5603.70470460645,-120.918579737345,-59929.1534235247,3152402.13409019
5803.83701548526,-122.96767171224,-59894.6787065077,3152599.27473984
6003.96932636406,-122.246349334717,-59860.2039894907,3152796.41538949
6204.10163724286,-122.269322077433,-59825.7292724737,3152993.55603914
6404.23394812166,-124.040454228719,-59791.2545554567,3153190.69668879
6604.36625900046,-125.992417017619,-59756.7798384396,3153387.83733844
6804.49856987927,-128.661113103231,-59722.3051214226,3153584.97798809
7004.63088075807,-130.320812861125,-59687.8304044056,3153782.11863774
7204.76319163687,-130.765135447184,-59653.3556873886,3153979.25928739
7404.89550251567,-132.534432729085,-59618.8809703715,3154176.39993704
7605.02781339447,-133.379382451375,-59584.4062533545,3154373.54058669
7805.16012427327,-137.585229237874,-59549.9315363375,3154570.68123634
8005.29243515208,-139.853755950928,-59515.4568193205,3154767.82188599
8205.42474603088,-138.93979771932,-59480.9821023035,3154964.96253564
8405.55705690968,-141.441794077555,-59446.5073852864,3155162.10318529
8605.68936778848,-141.070526123047,-59412.0326682694,3155359.24383494
8805.82167866728,-141.766399383545,-59377.5579512524,3155556.38448459
9005.95398954609,-143.99781926473,-59343.0832342354,3155753.52513424
9206.08630042489,-147.255728403727,-59308.6085172184,3155950.66578388
9406.21861130369,-155.108680725098,-59274.1338002013,3156147.80643353
9606.35092218249,-156.921911875407,-59239.6590831843,3156344.94708318
9806.48323306129,-163.845055898031,-59205.1843661673,3156542.08773283
10006.6155439401,-162.537396748861,-59170.7096491503,3156739.22838248
10206.7478548189,-176.705272674561,-59136.2349321333,3156936.36903213
10406.8801656977,-188.959138234456,-59101.7602151162,3157133.50968178
10607.0124765765,-193.279051462809,-59067.2854980992,3157330.65033143
10807.1447874553,-189.904483795166,-59032.8107810822,3157527.79098108
11007.2770983341,-173.325917561849,-58998.3360640652,3157724.93163073
11207.4094092129,-180.719608306885,-58963.8613470482,3157922.07228038
11407.5417200917,-203.651002248128,-58929.3866300311,3158119.21293003
11607.6740309705,-205.717783610026,-58894.9119130141,3158316.35357968
11807.8063418493,-219.360997517904,-58860.4371959971,3158513.49422933
12007.9386527281,-218.676556905111,-58825.9624789801,3158710.63487898
12208.0709636069,-224.041826883952,-58791.487761963,3158907.77552863
12408.2032744857,-213.080744425456,-58757.013044946,3159104.91617828
12608.3355853645,-237.161936442057,-58722.538327929,3159302.05682793
12808.4678962433,-268.151311238607,-58688.063610912,3159499.19747758
13008.6002071221,-296.803169250488,-58653.588893895,3159696.33812723
13208.7325180009,-319.414886474609,-58619.1141768779,3159893.47877688
13408.8648288797,-311.351338704427,-58584.6394598609,3160090.61942653
13608.9971397585,-333.788327534993,-58550.1647428439,3160287.76007618
13809.1294506373,-354.323483784993,-58515.6900258269,3160484.90072583
14009.2617615161,-380.340400695801,-58481.2153088099,3160682.04137548
14209.3940723949,-412.445551554362,-58446.7405917928,3160879.18202513
14409.5263832737,-467.868985493978,-58412.2658747758,3161076.32267478
14609.6586941525,-557.580014546712,-58377.7911577588,3161273.46332442
14809.7910050313,-568.244018554688,-58343.3164407418,3161470.60397407
15009.9233159101,-557.440394083659,-58308.8417237248,3161667.74462372
15210.0556267889,-535.106636047363,-58274.3670067077,3161864.88527337
15410.1879376677,-500.370478312174,-58239.8922896907,3162062.02592302
15610.3202485465,-476.784400939941,-58205.4175726737,3162259.16657267
15810.4525594254,-468.226114908854,-58170.9428556567,3162456.30722232
16010.5848703042,-477.182327270508,-58136.4681386397,3162653.44787197
16210.717181183,-475.214335123698,-58101.9934216226,3162850.58852162
16410.8494920618,-469.657180786133,-58067.5187046056,3163047.72917127
16610.9818029406,-468.30263264974,-58033.0439875886,3163244.86982092
16811.1141138194,-476.066665649414,-57998.5692705716,3163442.01047057
17011.2464246982,-486.782430013021,-57964.0945535545,3163639.15112022
17211.378735577,-485.07369740804,-57929.6198365375,3163836.29176987
17411.5110464558,-493.402702331543,-57895.1451195205,3164033.43241952
17611.6433573346,-478.759877522786,-57860.6704025035,3164230.57306917
17811.7756682134,-428.54300181071,-57826.1956854865,3164427.71371882
18011.9079790922,-383.760004679362,-57791.7209684694,3164624.85436847
18212.040289971,-374.415318806966,-57757.2462514524,3164821.99501812
18412.1726008498,-372.390970865885,-57722.7715344354,3165019.13566777
18612.3049117286,-382.649701436361,-57688.2968174184,3165216.27631742
18812.4372226074,-381.019882202148,-57653.8221004014,3165413.41696707
19012.5695334862,-348.386554718018,-57619.3473833843,3165610.55761672
19212.701844365,-318.967480977376,-57584.8726663673,3165807.69826637
19412.8341552438,-290.611611684163,-57550.3979493503,3166004.83891602
19612.9664661226,-277.541121164958,-57515.9232323333,3166201.97956567
19813.0987770014,-263.056191762288,-57481.4485153163,3166399.12021532
20013.2310878802,-247.044049580892,-57446.9737982992,3166596.26086497
20213.363398759,-250.472937266032,-57412.4990812822,3166793.40151461
20413.4957096378,-249.719074249268,-57378.0243642652,3166990.54216426
20613.6280205166,-254.398058573405,-57343.5496472482,3167187.68281391
20813.7603313954,-257.602364857992,-57309.0749302312,3167384.82346356
21013.8926422742,-257.793075561523,-57274.6002132141,3167581.96411321
21214.024953153,-253.659571329753,-57240.1254961971,3167779.10476286
21414.1572640318,-244.294910430908,-57205.6507791801,3167976.24541251
21614.2895749106,-235.79412206014,-57171.1760621631,3168173.38606216
21814.4218857894,-235.262465159098,-57136.7013451461,3168370.52671181
22014.5541966682,-230.952734629313,-57102.226628129,3168567.66736146
22214.686507547,-229.052786509196,-57067.751911112,3168764.80801111
22414.8188184258,-229.429539998372,-57033.277194095,3168961.94866076
22614.9511293046,-241.072058359782,-56998.802477078,3169159.08931041
22815.0834401834,-245.211678822835,-56964.3277600609,3169356.22996006
23015.2157510622,-255.030643463135,-56929.8530430439,3169553.37060971
23215.348061941,-260.369314829508,-56895.3783260269,3169750.51125936
23415.4803728198,-269.032198588053,-56860.9036090099,3169947.65190901
23615.6126836986,-279.157000223796,-56826.4288919929,3170144.79255866
23815.7449945774,-290.623985290527,-56791.9541749758,3170341.93320831
24015.8773054562,-301.531389872233,-56757.4794579588,3170539.07385796
24216.009616335,-315.596433003743,-56723.0047409418,3170736.21450761
24416.1419272138,-328.922037760417,-56688.5300239248,3170933.35515726
24616.2742380926,-344.586191813151,-56654.0553069078,3171130.49580691
24816.4065489714,-374.912879943848,-56619.5805898907,3171327.63645656
25016.5388598502,-408.685330708822,-56585.1058728737,3171524.77710621
25216.671170729,-427.25954691569,-56550.6311558567,3171721.91775586
25416.8034816078,-455.203870137533,-56516.1564388397,3171919.05840551
25616.9357924866,-477.703676859538,-56481.6817218226,3172116.19905516
25817.0681033654,-493.183423360189,-56447.2070048056,3172313.33970481
26017.2004142442,-507.169008890788,-56412.7322877886,3172510.48035446
26217.3327251231,-524.912910461426,-56378.2575707716,3172707.6210041
26417.4650360019,-546.332382202148,-56343.7828537546,3172904.76165375
26617.5973468807,-573.554524739583,-56309.3081367375,3173101.9023034
26817.7296577595,-605.489522298177,-56274.8334197205,3173299.04295305
27017.8619686383,-596.557571411133,-56240.3587027035,3173496.1836027
27217.9942795171,-577.141021728516,-56205.8839856865,3173693.32425235
27418.1265903959,-557.04682413737,-56171.4092686695,3173890.464902
27618.2589012747,-530.922210693359,-56136.9345516524,3174087.60555165
27818.3912121535,-525.768246968587,-56102.4598346354,3174284.7462013
28018.5235230323,-510.061452229818,-56067.9851176184,3174481.88685095
28218.6558339111,-493.722254435221,-56033.5104006014,3174679.0275006
28418.7881447899,-477.051884969076,-55999.0356835844,3174876.16815025
28618.9204556687,-459.619290669759,-55964.5609665673,3175073.3087999
28819.0527665475,-442.400883992513,-55930.0862495503,3175270.44944955
29019.1850774263,-436.040148417155,-55895.6115325333,3175467.5900992
29219.3173883051,-425.787447611491,-55861.1368155163,3175664.73074885
29419.4496991839,-411.310905456543,-55826.6620984993,3175861.8713985
29619.5820100627,-394.520848592122,-55792.1873814822,3176059.01204815
29819.7143209415,-380.402811686198,-55757.7126644652,3176256.1526978
30019.8466318203,-367.007870992025,-55723.2379474482,3176453.29334745
30219.9789426991,-356.650446573893,-55688.7632304312,3176650.4339971
30420.1112535779,-346.56049601237,-55654.2885134142,3176847.57464675
30620.2435644567,-336.207921346029,-55619.8137963971,3177044.7152964
30820.3758753355,-326.332728068034,-55585.3390793801,3177241.85594605
31020.5081862143,-317.619626363118,-55550.8643623631,3177438.9965957
31220.6404970931,-307.907244364421,-55516.3896453461,3177636.13724535
31420.7728079719,-296.623372395833,-55481.9149283291,3177833.277895
31620.9051188507,-285.904846191406,-55447.440211312,3178030.41854464
31821.0374297295,-276.08278910319,-55412.965494295,3178227.55919429
32021.1697406083,-264.629895528158,-55378.490777278,3178424.69984394
32221.3020514871,-256.507490793864,-55344.016060261,3178621.84049359
32421.4343623659,-247.009215037028,-55309.5413432439,3178818.98114324
32621.5666732447,-239.896242777507,-55275.0666262269,3179016.12179289
32821.6989841235,-231.311814626058,-55240.5919092099,3179213.26244254
33021.8312950023,-223.598617553711,-55206.1171921929,3179410.40309219
33221.9636058811,-216.162485758464,-55171.6424751759,3179607.54374184
33422.0959167599,-209.415369669596,-55137.1677581588,3179804.68439149
33622.2282276387,-205.074727376302,-55102.6930411418,3180001.82504114
33822.3605385175,-200.678113301595,-55068.2183241248,3180198.96569079
34022.4928493963,-193.638690948486,-55033.7436071078,3180396.10634044
34222.6251602751,-190.148016611735,-54999.2688900908,3180593.24699009
34422.7574711539,-189.082406361898,-54964.7941730737,3180790.38763974
34622.8897820327,-185.877737681071,-54930.3194560567,3180987.52828939
34823.0220929115,-183.991933186849,-54895.8447390397,3181184.66893904
35023.1544037903,-184.079732259115,-54861.3700220227,3181381.80958869
35223.2867146691,-184.587148030599,-54826.8953050056,3181578.95023834
35423.4190255479,-185.792793273926,-54792.4205879886,3181776.09088799
35623.5513364267,-185.022786458333,-54757.9458709716,3181973.23153764
35823.6836473055,-185.601484934489,-54723.4711539546,3182170.37218729
36023.8159581843,-185.930618286133,-54688.9964369376,3182367.51283694
36223.9482690631,-183.25164159139,-54654.5217199205,3182564.65348659
36424.0805799419,-183.350126902262,-54620.0470029035,3182761.79413624
36624.2128908208,-187.120282491048,-54585.5722858865,3182958.93478589
36824.3452016996,-182.192428588867,-54551.0975688695,3183156.07543554
37024.4775125784,-186.426893870036,-54516.6228518525,3183353.21608519
37224.6098234572,-191.170621236165,-54482.1481348354,3183550.35673484
37424.742134336,-191.156775156657,-54447.6734178184,3183747.49738449
37624.8744452148,-194.560868581136,-54413.1987008014,3183944.63803414
37825.0067560936,-196.304485321045,-54378.7239837844,3184141.77868378
38025.1390669724,-197.355150858561,-54344.2492667674,3184338.91933343
38225.2713778512,-199.744150797526,-54309.7745497503,3184536.05998308
38425.40368873,-199.568968454997,-54275.2998327333,3184733.20063273
38625.5359996088,-199.922536214193,-54240.8251157163,3184930.34128238
38825.6683104876,-199.138250986735,-54206.3503986993,3185127.48193203
39025.8006213664,-198.700126647949,-54171.8756816822,3185324.62258168
39225.9329322452,-199.675299326579,-54137.4009646652,3185521.76323133
39426.065243124,-201.085371653239,-54102.9262476482,3185718.90388098
39626.1975540028,-201.544896443685,-54068.4515306312,3185916.04453063
39826.3298648816,-201.770754496257,-54033.9768136142,3186113.18518028
40026.4621757604,-200.769549051921,-53999.5020965972,3186310.32582993
40226.5944866392,-201.302867889404,-53965.0273795801,3186507.46647958
40426.726797518,-201.223968505859,-53930.5526625631,3186704.60712923
40626.8591083968,-202.195309956868,-53896.0779455461,3186901.74777888
40826.9914192756,-202.986073811849,-53861.6032285291,3187098.88842853
41027.1237301544,-203.359048207601,-53827.128511512,3187296.02907818
41227.2560410332,-202.836144765218,-53792.653794495,3187493.16972783
41427.388351912,-202.442713419596,-53758.179077478,3187690.31037748
41627.5206627908,-203.851988474528,-53723.704360461,3187887.45102713
41827.6529736696,-204.892508188883,-53689.229643444,3188084.59167678
42027.7852845484,-205.764788309733,-53654.7549264269,3188281.73232643
42227.9175954272,-207.159183502197,-53620.2802094099,3188478.87297608
42428.049906306,-205.548065185547,-53585.8054923929,3188676.01362573
42628.1822171848,-203.85804494222,-53551.3307753759,3188873.15427538
42828.3145280636,-204.629482269287,-53516.8560583589,3189070.29492503
43028.4468389424,-204.179041544596,-53482.3813413418,3189267.43557467
43228.5791498212,-206.338947296143,-53447.9066243248,3189464.57622432
43428.7114607,-205.493551890055,-53413.4319073078,3189661.71687397
43628.8437715788,-206.93076578776,-53378.9571902908,3189858.85752362
43828.9760824576,-207.084428151449,-53344.4824732738,3190055.99817327
44029.1083933364,-210.30667368571,-53310.0077562567,3190253.13882292
44229.2407042152,-211.055391947428,-53275.5330392397,3190450.27947257
44429.373015094,-213.001561482747,-53241.0583222227,3190647.42012222
44629.5053259728,-212.4509862264,-53206.5836052057,3190844.56077187
44829.6376368516,-212.70169321696,-53172.1088881886,3191041.70142152
45029.7699477304,-213.542125701904,-53137.6341711716,3191238.84207117
45229.9022586092,-213.847434997559,-53103.1594541546,3191435.98272082
45430.034569488,-213.411084493001,-53068.6847371376,3191633.12337047
45630.1668803668,-213.085651397705,-53034.2100201206,3191830.26402012
45830.2991912456,-213.675094604492,-52999.7353031035,3192027.40466977
46030.4315021244,-213.225841522217,-52965.2605860865,3192224.54531942
46230.5638130032,-212.650708516439,-52930.7858690695,3192421.68596907
46430.696123882,-215.27178700765,-52896.3111520525,3192618.82661872
46630.8284347608,-214.792686462402,-52861.8364350355,3192815.96726837
46830.9607456396,-217.372907002767,-52827.3617180184,3193013.10791802
47031.0930565185,-216.795169830322,-52792.8870010014,3193210.24856767
47231.2253673973,-215.97748819987,-52758.4122839844,3193407.38921732
47431.3576782761,-216.602428436279,-52723.9375669674,3193604.52986697
47631.4899891549,-215.729038238525,-52689.4628499504,3193801.67051662
47831.6223000337,-218.845872243245,-52654.9881329333,3193998.81116627
48031.7546109125,-217.621485392253,-52620.5134159163,3194195.95181592
48231.8869217913,-217.650726318359,-52586.0386988993,3194393.09246557
48432.0192326701,-218.344079335531,-52551.5639818823,3194590.23311522
48632.1515435489,-220.065748850505,-52517.0892648653,3194787.37376487
48832.2838544277,-220.996424357096,-52482.6145478482,3194984.51441451
49032.4161653065,-220.094209035238,-52448.1398308312,3195181.65506416
49232.5484761853,-223.199826558431,-52413.6651138142,3195378.79571381
49432.6807870641,-225.004956563314,-52379.1903967972,3195575.93636346
49632.8130979429,-225.128355662028,-52344.7156797802,3195773.07701311
49832.9454088217,-229.402584075928,-52310.2409627631,3195970.21766276
50033.0777197005,-227.561869303385,-52275.7662457461,3196167.35831241
50233.2100305793,-228.599938710531,-52241.2915287291,3196364.49896206
50433.3423414581,-229.421741485596,-52206.8168117121,3196561.63961171
50633.4746523369,-226.09833017985,-52172.3420946951,3196758.78026136
50833.6069632157,-226.764395395915,-52137.867377678,3196955.92091101
51033.7392740945,-229.925942738851,-52103.392660661,3197153.06156066
51233.8715849733,-229.92943572998,-52068.917943644,3197350.20221031
51434.0038958521,-230.012418111165,-52034.443226627,3197547.34285996
51634.1362067309,-228.330768585205,-51999.9685096099,3197744.48350961
51834.2685176097,-230.552300771077,-51965.4937925929,3197941.62415926
52034.4008284885,-228.167931874593,-51931.0190755759,3198138.76480891
52234.5331393673,-229.031963348389,-51896.5443585589,3198335.90545856
52434.6654502461,-232.797281901042,-51862.0696415419,3198533.04610821
52634.7977611249,-233.526167551676,-51827.5949245248,3198730.18675786
52834.9300720037,-234.243413289388,-51793.1202075078,3198927.32740751
53035.0623828825,-235.613464355469,-51758.6454904908,3199124.46805716
53235.1946937613,-239.589866638184,-51724.1707734738,3199321.60870681
53435.3270046401,-242.915091196696,-51689.6960564568,3199518.74935646
53635.4593155189,-243.00446955363,-51655.2213394397,3199715.89000611
53835.5916263977,-250.174959818522,-51620.7466224227,3199913.03065576
54035.7239372765,-252.849253336589,-51586.2719054057,3200110.17130541
54235.8562481553,-256.900174458822,-51551.7971883887,3200307.31195506
54435.9885590341,-256.375414530436,-51517.3224713716,3200504.45260471
54636.1208699129,-255.196707407633,-51482.8477543546,3200701.59325435
54836.2531807917,-254.073373158773,-51448.3730373376,3200898.733904
55036.3854916705,-252.594760894775,-51413.8983203206,3201095.87455365
55236.5178025493,-255.444684346517,-51379.4236033036,3201293.0152033
55436.6501134281,-257.786610921224,-51344.9488862866,3201490.15585295
55636.7824243069,-261.349090576172,-51310.4741692695,3201687.2965026
55836.9147351857,-263.141761779785,-51275.9994522525,3201884.43715225
56037.0470460645,-265.606318155924,-51241.5247352355,3202081.5778019
56237.1793569433,-270.62540435791,-51207.0500182185,3202278.71845155
56437.3116678221,-272.171096801758,-51172.5753012014,3202475.8591012
56637.4439787009,-273.733909606934,-51138.1005841844,3202672.99975085
56837.5762895797,-277.353561401367,-51103.6258671674,3202870.1404005
57037.7086004585,-283.805086771647,-51069.1511501504,3203067.28105015
57237.8409113373,-287.92493947347,-51034.6764331334,3203264.4216998
57437.9732222161,-298.104924519857,-51000.2017161163,3203461.56234945
57638.105533095,-307.495770772298,-50965.7269990993,3203658.7029991
57838.2378439738,-318.556978861491,-50931.2522820823,3203855.84364875
58038.3701548526,-314.825424194336,-50896.7775650653,3204052.9842984
58238.5024657314,-316.266039530436,-50862.3028480483,3204250.12494805
58438.6347766102,-321.77313486735,-50827.8281310312,3204447.2655977
58638.767087489,-343.160736083984,-50793.3534140142,3204644.40624735
58838.8993983678,-366.185671488444,-50758.8786969972,3204841.546897
59039.0317092466,-385.696385701497,-50724.4039799802,3205038.68754665
59239.1640201254,-408.115303039551,-50689.9292629632,3205235.8281963
59439.2963310042,-388.867663065592,-50655.4545459461,3205432.96884595
59639.428641883,-333.565994262695,-50620.9798289291,3205630.1094956
59839.5609527618,-309.898368835449,-50586.5051119121,3205827.25014525
60039.6932636406,-320.835774739583,-50552.0303948951,3206024.3907949
60239.8255745194,-371.612838745117,-50517.5556778781,3206221.53144454
60439.9578853982,-416.468282063802,-50483.080960861,3206418.67209419
60640.090196277,-433.769307454427,-50448.606243844,3206615.81274384
60840.2225071558,-455.391108194987,-50414.131526827,3206812.95339349
61040.3548180346,-479.076154073079,-50379.65680981,3207010.09404314
61240.4871289134,-533.172869364421,-50345.182092793,3207207.23469279
61440.6194397922,-595.623021443685,-50310.7073757759,3207404.37534244
61640.751750671,-653.938145955404,-50276.2326587589,3207601.51599209
61840.8840615498,-727.70192972819,-50241.7579417419,3207798.65664174
62041.0163724286,-809.460591634115,-50207.2832247249,3207995.79729139
62241.1486833074,-906.045689900716,-50172.8085077078,3208192.93794104
62441.2809941862,-988.19276936849,-50138.3337906908,3208390.07859069
62641.413305065,-974.841608683268,-50103.8590736738,3208587.21924034
62841.5456159438,-942.441202799479,-50069.3843566568,3208784.35988999
63041.6779268226,-911.474258422852,-50034.9096396398,3208981.50053964
63241.8102377014,-856.256017049154,-50000.4349226227,3209178.64118929
63441.9425485802,-754.493789672852,-49965.9602056057,3209375.78183894
63642.074859459,-648.164489746094,-49931.4854885887,3209572.92248859
63842.2071703378,-525.655771891276,-49897.0107715717,3209770.06313824
64042.3394812166,-447.125378926595,-49862.5360545547,3209967.20378789
64242.4717920954,-426.187367757161,-49828.0613375376,3210164.34443754
64442.6041029742,-398.468500773112,-49793.5866205206,3210361.48508719
64642.736413853,-373.90212504069,-49759.1119035036,3210558.62573684
64842.8687247318,-358.751035054525,-49724.6371864866,3210755.76638649
65043.0010356106,-307.606582641602,-49690.1624694696,3210952.90703614
65243.1333464894,-247.348691304525,-49655.6877524525,3211150.04768579
65443.2656573682,-307.815536499023,-49621.2130354355,3211347.18833544
65643.397968247,-434.045906066895,-49586.7383184185,3211544.32898509
65843.5302791258,-515.736467997233,-49552.2636014015,3211741.46963474
66043.6625900046,-576.606366475423,-49517.7888843845,3211938.61028439
66243.7949008834,-596.90603129069,-49483.3141673674,3212135.75093404
66443.9272117622,-634.486877441406,-49448.8394503504,3212332.89158368
66644.059522641,-670.782287597656,-49414.3647333334,3212530.03223333
66844.1918335198,-713.250096638997,-49379.8900163164,3212727.17288298
67044.3241443986,-753.863098144531,-49345.4152992993,3212924.31353263
67244.4564552774,-784.359313964844,-49310.9405822823,3213121.45418228
67444.5887661562,-761.120091756185,-49276.4658652653,3213318.59483193
67644.7210770351,-824.090510050456,-49241.9911482483,3213515.73548158
67844.8533879139,-909.297398885091,-49207.5164312313,3213712.87613123
68044.9856987926,-964.011123657227,-49173.0417142142,3213910.01678088
68245.1180096715,-1035.71754964193,-49138.5669971972,3214107.15743053
68445.2503205503,-1116.93989562988,-49104.0922801802,3214304.29808018
68645.3826314291,-1194.38033040365,-49069.6175631632,3214501.43872983
68845.5149423079,-1289.53332519531,-49035.1428461462,3214698.57937948
69045.6472531867,-1359.0949605306,-49000.6681291291,3214895.72002913
69245.7795640655,-1370.30360921224,-48966.1934121121,3215092.86067878
69445.9118749443,-1374.50934855143,-48931.7186950951,3215290.00132843
69646.0441858231,-1368.44430541992,-48897.2439780781,3215487.14197808
69846.1764967019,-1358.58655802409,-48862.7692610611,3215684.28262773
70046.3088075807,-1371.12650553385,-48828.294544044,3215881.42327738
70246.4411184595,-1422.92112223307,-48793.819827027,3216078.56392703
70446.5734293383,-1463.37938435872,-48759.34511001,3216275.70457668
70646.7057402171,-1445.92427571615,-48724.870392993,3216472.84522633
70846.8380510959,-1415.98940022786,-48690.395675976,3216669.98587598
71046.9703619747,-1420.54239908854,-48655.9209589589,3216867.12652563
71247.1026728535,-1492.21752929688,-48621.4462419419,3217064.26717528
71447.2349837323,-1519.58715820313,-48586.9715249249,3217261.40782493
71647.3672946111,-1542.21487426758,-48552.4968079079,3217458.54847458
71847.4996054899,-1546.09771728516,-48518.0220908909,3217655.68912422
72047.6319163687,-1555.24712117513,-48483.5473738738,3217852.82977387
72247.7642272475,-1576.57671101888,-48449.0726568568,3218049.97042352
72447.8965381263,-1577.14954630534,-48414.5979398398,3218247.11107317
72648.0288490051,-1441.67748006185,-48380.1232228228,3218444.25172282
72848.1611598839,-1372.59940592448,-48345.6485058057,3218641.39237247
73048.2934707627,-1263.62694295247,-48311.1737887887,3218838.53302212
73248.4257816415,-1148.05119832357,-48276.6990717717,3219035.67367177
73448.5580925203,-1060.67290242513,-48242.2243547547,3219232.81432142
73648.6904033991,-913.258076985677,-48207.7496377377,3219429.95497107
73848.8227142779,-825.386271158854,-48173.2749207206,3219627.09562072
74048.9550251567,-814.618911743164,-48138.8002037036,3219824.23627037
74249.0873360355,-889.388982137044,-48104.3254866866,3220021.37692002
74449.2196469143,-920.084808349609,-48069.8507696696,3220218.51756967
74649.3519577931,-848.019856770833,-48035.3760526526,3220415.65821932
74849.4842686719,-697.877166748047,-48000.9013356355,3220612.79886897
75049.6165795507,-554.451446533203,-47966.4266186185,3220809.93951862
75249.7488904295,-441.940739949544,-47931.9519016015,3221007.08016827
75449.8812013083,-400.518229166667,-47897.4771845845,3221204.22081792
75650.0135121871,-341.742396036784,-47863.0024675675,3221401.36146757
75850.1458230659,-314.366376241048,-47828.5277505504,3221598.50211722
76050.2781339447,-318.162584940592,-47794.0530335334,3221795.64276687
76250.4104448235,-342.621477762858,-47759.5783165164,3221992.78341652
76450.5427557023,-371.294743855794,-47725.1035994994,3222189.92406617
76650.6750665811,-391.296091715495,-47690.6288824823,3222387.06471582
76850.8073774599,-457.356872558594,-47656.1541654653,3222584.20536547
77050.9396883387,-603.655230204264,-47621.6794484483,3222781.34601512
77251.0719992175,-734.44460550944,-47587.2047314313,3222978.48666477
77451.2043100963,-760.576573689779,-47552.7300144143,3223175.62731441
77651.3366209751,-757.292098999023,-47518.2552973972,3223372.76796406
77851.4689318539,-761.629379272461,-47483.7805803802,3223569.90861371
78051.6012427328,-751.284993489583,-47449.3058633632,3223767.04926336
78251.7335536115,-747.144780476888,-47414.8311463462,3223964.18991301
78451.8658644903,-762.945780436198,-47380.3564293292,3224161.33056266
78651.9981753692,-786.966654459635,-47345.8817123121,3224358.47121231
78852.130486248,-824.476231892904,-47311.4069952951,3224555.61186196
79052.2627971268,-885.028381347656,-47276.9322782781,3224752.75251161
79252.3951080056,-933.063791910807,-47242.4575612611,3224949.89316126
79452.5274188844,-942.13308207194,-47207.9828442441,3225147.03381091
79652.6597297632,-985.891016642253,-47173.508127227,3225344.17446056
79852.792040642,-1028.94560241699,-47139.03341021,3225541.31511021
80052.9243515208,-1094.75410461426,-47104.558693193,3225738.45575986
80253.0566623996,-1010.32432556152,-47070.083976176,3225935.59640951
80453.1889732784,-846.323369344076,-47035.609259159,3226132.73705916
80653.3212841572,-722.337534586589,-47001.1345421419,3226329.87770881
80853.453595036,-668.02153523763,-46966.6598251249,3226527.01835846
81053.5859059148,-684.727884928385,-46932.1851081079,3226724.15900811
81253.7182167936,-648.199717203776,-46897.7103910909,3226921.29965776
81453.8505276724,-614.504267374674,-46863.2356740738,3227118.44030741
81653.9828385512,-599.320953369141,-46828.7609570568,3227315.58095706
81854.11514943,-636.365198771159,-46794.2862400398,3227512.72160671
82054.2474603088,-617.656102498372,-46759.8115230228,3227709.86225636
82254.3797711876,-556.113952636719,-46725.3368060058,3227907.00290601
82454.5120820664,-494.271296183268,-46690.8620889887,3228104.14355566
82654.6443929452,-464.447491963704,-46656.3873719717,3228301.28420531
82854.776703824,-444.430623372396,-46621.9126549547,3228498.42485496
83054.9090147028,-456.999402364095,-46587.4379379377,3228695.5655046
83255.0413255816,-474.32731628418,-46552.9632209207,3228892.70615426
83455.1736364604,-504.354103088379,-46518.4885039036,3229089.8468039
83655.3059473392,-522.975443522135,-46484.0137868866,3229286.98745355
83855.438258218,-544.259147644043,-46449.5390698696,3229484.1281032
84055.5705690968,-575.875910441081,-46415.0643528526,3229681.26875285
84255.7028799756,-609.068288167318,-46380.5896358356,3229878.4094025
84455.8351908544,-638.736424763997,-46346.1149188185,3230075.55005215
84655.9675017332,-690.848475138346,-46311.6402018015,3230272.6907018
84856.099812612,-744.741673787435,-46277.1654847845,3230469.83135145
85056.2321234908,-740.84504699707,-46242.6907677675,3230666.9720011
85256.3644343696,-774.047698974609,-46208.2160507505,3230864.11265075
85456.4967452484,-801.817911783854,-46173.7413337334,3231061.2533004
85656.6290561272,-819.726537068685,-46139.2666167164,3231258.39395005
85856.761367006,-852.262293497721,-46104.7918996994,3231455.5345997
86056.8936778848,-915.574330647786,-46070.3171826824,3231652.67524935
86257.0259887636,-980.045516967773,-46035.8424656654,3231849.815899
86457.1582996424,-929.117451985677,-46001.3677486483,3232046.95654865
86657.2906105212,-820.492182413737,-45966.8930316313,3232244.0971983
86857.4229214,-739.980824788411,-45932.4183146143,3232441.23784795
87057.5552322788,-679.126480102539,-45897.9435975973,3232638.3784976
87257.6875431576,-671.040049235026,-45863.4688805803,3232835.51914725
87457.8198540364,-613.215876261393,-45828.9941635632,3233032.6597969
87657.9521649152,-557.05446879069,-45794.5194465462,3233229.80044655
87858.084475794,-542.154118855794,-45760.0447295292,3233426.9410962
88058.2167866728,-573.708908081055,-45725.5700125122,3233624.08174585
88258.3490975516,-582.486638387044,-45691.0952954951,3233821.2223955
88458.4814084305,-608.062850952148,-45656.6205784781,3234018.36304515
88658.6137193092,-620.341252644857,-45622.1458614611,3234215.5036948
88858.746030188,-641.529485066732,-45587.6711444441,3234412.64434444
89058.8783410669,-663.586664835612,-45553.1964274271,3234609.78499409
89259.0106519457,-707.432642618815,-45518.72171041,3234806.92564374
89459.1429628245,-737.757649739583,-45484.246993393,3235004.06629339
89659.2752737033,-758.712529500326,-45449.772276376,3235201.20694304
89859.4075845821,-789.4736328125,-45415.297559359,3235398.34759269
90059.5398954609,-812.065246582031,-45380.822842342,3235595.48824234
90259.6722063397,-856.286875406901,-45346.3481253249,3235792.62889199
90459.8045172185,-894.252466837565,-45311.8734083079,3235989.76954164
90659.9368280973,-890.221349080404,-45277.3986912909,3236186.91019129
90860.0691389761,-856.355224609375,-45242.9239742739,3236384.05084094
91060.2014498549,-828.817174275716,-45208.4492572569,3236581.19149059
91260.3337607337,-809.696441650391,-45173.9745402398,3236778.33214024
91460.4660716125,-784.771794637044,-45139.4998232228,3236975.47278989
91660.5983824913,-798.184010823568,-45105.0251062058,3237172.61343954
91860.7306933701,-839.472895304362,-45070.5503891888,3237369.75408919
92060.8630042489,-863.517613728841,-45036.0756721717,3237566.89473884
92260.9953151277,-895.746841430664,-45001.6009551547,3237764.03538849
92461.1276260065,-932.40266418457,-44967.1262381377,3237961.17603814
92661.2599368853,-985.61924235026,-44932.6515211207,3238158.31668779
92861.3922477641,-1015.31057739258,-44898.1768041037,3238355.45733744
93061.5245586429,-1048.43969217936,-44863.7020870866,3238552.59798709
93261.6568695217,-1070.193359375,-44829.2273700696,3238749.73863674
93461.7891804005,-1037.72438557943,-44794.7526530526,3238946.87928639
93661.9214912793,-1031.09847005208,-44760.2779360356,3239144.01993604
93862.0538021581,-1085.80600484212,-44725.8032190186,3239341.16058569
94062.1861130369,-1114.2092590332,-44691.3285020015,3239538.30123534
94262.3184239157,-1084.10655721029,-44656.8537849845,3239735.44188499
94462.4507347945,-1097.61887105306,-44622.3790679675,3239932.58253464
94662.5830456733,-1121.02230834961,-44587.9043509505,3240129.72318428
94862.7153565521,-1106.54688517253,-44553.4296339335,3240326.86383393
95062.8476674309,-1051.20332845052,-44518.9549169164,3240524.00448358
95262.9799783097,-991.478118896484,-44484.4801998994,3240721.14513323
95463.1122891885,-931.331466674805,-44450.0054828824,3240918.28578288
95663.2446000673,-869.621002197266,-44415.5307658654,3241115.42643253
95863.3769109461,-809.839116414388,-44381.0560488484,3241312.56708218
96063.5092218249,-737.939198811849,-44346.5813318313,3241509.70773183
96263.6415327037,-675.393483479818,-44312.1066148143,3241706.84838148
96463.7738435825,-662.650258382161,-44277.6318977973,3241903.98903113
96663.9061544613,-745.747690836589,-44243.1571807803,3242101.12968078
96864.0384653401,-768.257619222005,-44208.6824637633,3242298.27033043
97064.1707762189,-730.953409830729,-44174.2077467462,3242495.41098008
97264.3030870977,-702.467498779297,-44139.7330297292,3242692.55162973
97464.4353979765,-680.623723347982,-44105.2583127122,3242889.69227938
97664.5677088553,-669.337005615234,-44070.7835956952,3243086.83292903
97864.7000197341,-694.448715209961,-44036.3088786781,3243283.97357868
98064.8323306129,-709.388219197591,-44001.8341616611,3243481.11422833
98264.9646414917,-696.370320638021,-43967.3594446441,3243678.25487798
98465.0969523705,-692.899434407552,-43932.8847276271,3243875.39552763
98665.2292632493,-740.823959350586,-43898.4100106101,3244072.53617728
98865.3615741282,-785.028742472331,-43863.935293593,3244269.67682693
99065.4938850069,-724.984995524089,-43829.460576576,3244466.81747658
99265.6261958858,-722.995610555013,-43794.985859559,3244663.95812623
99465.7585067646,-716.341557820638,-43760.511142542,3244861.09877588
99665.8908176434,-738.566965738932,-43726.036425525,3245058.23942553
99866.0231285222,-758.817845662435,-43691.5617085079,3245255.38007518
100066.155439401,-799.088623046875,-43657.0869914909,3245452.52072483
100266.28775028,-830.150344848633,-43622.6122744739,3245649.66137447
100466.420061159,-887.860438028971,-43588.1375574569,3245846.80202412
100666.552372037,-921.095342000326,-43553.6628404399,3246043.94267377
100866.684682916,-960.714579264323,-43519.1881234228,3246241.08332342
101066.816993795,-1033.64858500163,-43484.7134064058,3246438.22397307
101266.949304674,-1108.74819437663,-43450.2386893888,3246635.36462272
101467.081615553,-1155.408299764,-43415.7639723718,3246832.50527237
101667.213926431,-1133.0659383138,-43381.2892553547,3247029.64592202
101867.34623731,-1113.45540364583,-43346.8145383377,3247226.78657167
102067.478548189,-1157.57045491536,-43312.3398213207,3247423.92722132
102267.610859068,-1212.67039998372,-43277.8651043037,3247621.06787097
102467.743169947,-1266.33231608073,-43243.3903872867,3247818.20852062
102667.875480825,-1311.49754842122,-43208.9156702696,3248015.34917027
102868.007791704,-1353.73520914714,-43174.4409532526,3248212.48981992
103068.140102583,-1363.32775878906,-43139.9662362356,3248409.63046957
103268.272413462,-1315.5110168457,-43105.4915192186,3248606.77111922
103468.404724341,-1261.23849487305,-43071.0168022016,3248803.91176887
103668.537035219,-1259.88727823893,-43036.5420851845,3249001.05241852
103868.669346098,-1328.20134480794,-43002.0673681675,3249198.19306817
104068.801656977,-1390.93165079753,-42967.5926511505,3249395.33371782
104268.933967856,-1465.70524088542,-42933.1179341335,3249592.47436747
104469.066278735,-1562.94249471029,-42898.6432171165,3249789.61501712
104669.198589613,-1647.38095092773,-42864.1685000994,3249986.75566677
104869.330900492,-1707.50924682617,-42829.6937830824,3250183.89631642
105069.463211371,-1805.80432128906,-42795.2190660654,3250381.03696607
105269.59552225,-1920.88549804688,-42760.7443490484,3250578.17761572
105469.727833129,-2004.57674153646,-42726.2696320314,3250775.31826537
105669.860144007,-2068.01174926758,-42691.7949150143,3250972.45891502
105869.992454886,-2085.31018066406,-42657.3201979973,3251169.59956466
106070.124765765,-2047.64783732096,-42622.8454809803,3251366.74021431
106270.257076644,-2021.61323038737,-42588.3707639633,3251563.88086396
106470.389387523,-1988.48025512695,-42553.8960469463,3251761.02151361
106670.521698401,-1951.71504720052,-42519.4213299292,3251958.16216326
106870.65400928,-1925.73769124349,-42484.9466129122,3252155.30281291
107070.786320159,-1885.25731404622,-42450.4718958952,3252352.44346256
107270.918631038,-1831.74952189128,-42415.9971788782,3252549.58411221
107471.050941917,-1877.54667154948,-42381.5224618612,3252746.72476186
107671.183252795,-1942.11340332031,-42347.0477448441,3252943.86541151
107871.315563674,-1989.60479736328,-42312.5730278271,3253141.00606116
108071.447874553,-1986.6587117513,-42278.0983108101,3253338.14671081
108271.580185432,-1985.39844767253,-42243.6235937931,3253535.28736046
108471.712496311,-1980.37171427409,-42209.148876776,3253732.42801011
108671.844807189,-1927.8073832194,-42174.674159759,3253929.56865976
108871.977118068,-1872.25102742513,-42140.199442742,3254126.70930941
109072.109428947,-1833.17759195964,-42105.724725725,3254323.84995906
109272.241739826,-1833.26916503906,-42071.250008708,3254520.99060871
109472.374050705,-1851.0485534668,-42036.7752916909,3254718.13125836
109672.506361583,-1876.30995686849,-42002.3005746739,3254915.27190801
109872.638672462,-1907.70011393229,-41967.8258576569,3255112.41255766
110072.770983341,-1925.40880330404,-41933.3511406399,3255309.55320731
110272.90329422,-1963.05373128255,-41898.8764236229,3255506.69385696
110473.035605099,-2018.31989542643,-41864.4017066058,3255703.83450661
110673.167915977,-2079.49332682292,-41829.9269895888,3255900.97515626
110873.300226856,-2127.32588704427,-41795.4522725718,3256098.11580591
111073.432537735,-2201.79333496094,-41760.9775555548,3256295.25645556
111273.564848614,-2297.04943847656,-41726.5028385378,3256492.39710521
111473.697159493,-2396.47235107422,-41692.0281215207,3256689.53775486
111673.829470371,-2502.41957600911,-41657.5534045037,3256886.6784045
111873.96178125,-2613.53304036458,-41623.0786874867,3257083.81905415
112074.094092129,-2750.21470133464,-41588.6039704697,3257280.9597038
112274.226403008,-2908.16774495443,-41554.1292534527,3257478.10035345
112474.358713887,-3038.9766031901,-41519.6545364356,3257675.2410031
112674.491024765,-3069.64626057943,-41485.1798194186,3257872.38165275
112874.623335644,-3116.44840494792,-41450.7051024016,3258069.5223024
113074.755646523,-3169.58123779297,-41416.2303853846,3258266.66295205
113274.887957402,-3184.30334472656,-41381.7556683676,3258463.8036017
113475.020268281,-3185.12642415365,-41347.2809513505,3258660.94425135
113675.152579159,-3147.38330078125,-41312.8062343335,3258858.084901
113875.284890038,-3118.1201578776,-41278.3315173165,3259055.22555065
114075.417200917,-3178.9897257487,-41243.8568002995,3259252.3662003
114275.549511796,-3242.21307373047,-41209.3820832824,3259449.50684995
114475.681822675,-3272.88629150391,-41174.9073662654,3259646.6474996
114675.814133553,-3276.66229248047,-41140.4326492484,3259843.78814925
114875.946444432,-3342.29671223958,-41105.9579322314,3260040.9287989
115076.078755311,-3434.1142578125,-41071.4832152144,3260238.06944855
115276.21106619,-3438.04420979818,-41037.0084981973,3260435.2100982
115476.343377069,-3440.8134765625,-41002.5337811803,3260632.35074785
115676.475687948,-3481.42270914714,-40968.0590641633,3260829.4913975
115876.607998826,-3494.53232828776,-40933.5843471463,3261026.63204715
116076.740309705,-3519.83711751302,-40899.1096301293,3261223.7726968
116276.872620584,-3502.33713785807,-40864.6349131122,3261420.91334645
116477.004931463,-3457.10196940104,-40830.1601960952,3261618.0539961
116677.137242342,-3401.49731445313,-40795.6854790782,3261815.19464575
116877.26955322,-3353.10638427734,-40761.2107620612,3262012.3352954
117077.401864099,-3305.6855061849,-40726.7360450441,3262209.47594505
117277.534174978,-3252.32452392578,-40692.2613280271,3262406.6165947
117477.666485857,-3278.71630859375,-40657.7866110101,3262603.75724434
117677.798796736,-3257.91335042318,-40623.3118939931,3262800.89789399
117877.931107614,-3190.42445882161,-40588.8371769761,3262998.03854364
118078.063418493,-3216.12721761068,-40554.362459959,3263195.17919329
118278.195729372,-3338.67987060547,-40519.887742942,3263392.31984294
118478.328040251,-3392.02278645833,-40485.413025925,3263589.46049259
118678.46035113,-3419.95684814453,-40450.938308908,3263786.60114224
118878.592662008,-3444.12618001302,-40416.463591891,3263983.74179189
119078.724972887,-3462.59820556641,-40381.9888748739,3264180.88244154
119278.857283766,-3490.16794840495,-40347.5141578569,3264378.02309119
119478.989594645,-3471.49666341146,-40313.0394408399,3264575.16374084
119679.121905524,-3454.49564615885,-40278.5647238229,3264772.30439049
119879.254216402,-3405.68762207031,-40244.0900068059,3264969.44504014
120079.386527281,-3356.88850911458,-40209.6152897888,3265166.58568979
120279.51883816,-3308.68084716797,-40175.1405727718,3265363.72633944
120479.651149039,-3269.65863037109,-40140.6658557548,3265560.86698909
120679.783459918,-3283.99595133464,-40106.1911387378,3265758.00763874
120879.915770796,-3343.11267089844,-40071.7164217208,3265955.14828839
121080.048081675,-3378.44051106771,-40037.2417047037,3266152.28893804
121280.180392554,-3385.14007568359,-40002.7669876867,3266349.42958769
121480.312703433,-3349.37170410156,-39968.2922706697,3266546.57023734
121680.445014312,-3294.61610921224,-39933.8175536527,3266743.71088699
121880.57732519,-3229.13694254557,-39899.3428366357,3266940.85153664
122080.709636069,-3173.78106689453,-39864.8681196186,3267137.99218629
122280.841946948,-3124.66076660156,-39830.3934026016,3267335.13283594
122480.974257827,-3106.0087890625,-39795.9186855846,3267532.27348559
122681.106568706,-3096.09167480469,-39761.4439685676,3267729.41413524
122881.238879584,-3039.43674723307,-39726.9692515505,3267926.55478489
123081.371190463,-2994.6962483724,-39692.4945345335,3268123.69543453
123281.503501342,-2992.55202229818,-39658.0198175165,3268320.83608418
123481.635812221,-3031.02115885417,-39623.5451004995,3268517.97673383
123681.7681231,-3091.43288167318,-39589.0703834825,3268715.11738348
123881.900433978,-3150.76584879557,-39554.5956664654,3268912.25803313
124082.032744857,-3151.93459065755,-39520.1209494484,3269109.39868278
124282.165055736,-3157.99570719401,-39485.6462324314,3269306.53933243
124482.297366615,-3180.65006510417,-39451.1715154144,3269503.67998208
124682.429677494,-3177.29085286458,-39416.6967983974,3269700.82063173
124882.561988372,-3209.0840250651,-39382.2220813803,3269897.96128138
125082.694299251,-3201.9331258138,-39347.7473643633,3270095.10193103
125282.82661013,-3206.20715332031,-39313.2726473463,3270292.24258068
125482.958921009,-3196.36696370443,-39278.7979303293,3270489.38323033
125683.091231888,-3238.59305826823,-39244.3232133123,3270686.52387998
125883.223542766,-3313.37927246094,-39209.8484962952,3270883.66452963
126083.355853645,-3339.60217285156,-39175.3737792782,3271080.80517928
126283.488164524,-3368.30147298177,-39140.8990622612,3271277.94582893
126483.620475403,-3461.0786336263,-39106.4243452442,3271475.08647858
126683.752786282,-3575.57899983724,-39071.9496282272,3271672.22712823
126883.88509716,-3637.43182373047,-39037.4749112101,3271869.36777788
127084.017408039,-3692.89552815755,-39003.0001941931,3272066.50842753
127284.149718918,-3701.66762288411,-38968.5254771761,3272263.64907718
127484.282029797,-3696.06243896484,-38934.0507601591,3272460.78972683
127684.414340676,-3674.57210286458,-38899.576043142,3272657.93037648
127884.546651554,-3685.02040608724,-38865.101326125,3272855.07102613
128084.678962433,-3707.49212646484,-38830.626609108,3273052.21167578
128284.811273312,-3710.31825764974,-38796.151892091,3273249.35232543
128484.943584191,-3727.65761311849,-38761.677175074,3273446.49297508
128685.07589507,-3758.46630859375,-38727.2024580569,3273643.63362473
128885.208205948,-3800.66143798828,-38692.7277410399,3273840.77427437
129085.340516827,-3860.46120198568,-38658.2530240229,3274037.91492402
129285.472827706,-3881.02370198568,-38623.7783070059,3274235.05557367
129485.605138585,-3955.45790608724,-38589.3035899889,3274432.19622332
129685.737449464,-4024.62386067708,-38554.8288729718,3274629.33687297
129885.869760342,-4087.33371988932,-38520.3541559548,3274826.47752262
130086.002071221,-4143.27728271484,-38485.8794389378,3275023.61817227
130286.1343821,-4276.13065592448,-38451.4047219208,3275220.75882192
130486.266692979,-4407.63631184896,-38416.9300049038,3275417.89947157
130686.399003858,-4546.7314860026,-38382.4552878867,3275615.04012122
130886.531314736,-4689.17399088542,-38347.9805708697,3275812.18077087
131086.663625615,-4820.10974121094,-38313.5058538527,3276009.32142052
131286.795936494,-4942.85998535156,-38279.0311368357,3276206.46207017
131486.928247373,-5061.84448242188,-38244.5564198187,3276403.60271982
131687.060558252,-5249.40124511719,-38210.0817028016,3276600.74336947
131887.19286913,-5388.43575032552,-38175.6069857846,3276797.88401912
132087.325180009,-5494.93526204427,-38141.1322687676,3276995.02466877
132287.457490888,-5600.44380696615,-38106.6575517506,3277192.16531842
132487.589801767,-5712.53373209635,-38072.1828347336,3277389.30596807
132687.722112646,-5876.78153483073,-38037.7081177165,3277586.44661772
132887.854423524,-6041.24796549479,-38003.2334006995,3277783.58726737
133087.986734403,-6189.0556640625,-37968.7586836825,3277980.72791702
133288.119045282,-6354.44372558594,-37934.2839666655,3278177.86856667
133488.251356161,-6544.27705891927,-37899.8092496484,3278375.00921632
133688.38366704,-6699.81001790365,-37865.3345326314,3278572.14986597
133888.515977918,-6937.74287923177,-37830.8598156144,3278769.29051562
134088.648288797,-7088.89489746094,-37796.3850985974,3278966.43116527
134288.780599676,-7226.62707519531,-37761.9103815804,3279163.57181492
134488.912910555,-7295.4111328125,-37727.4356645633,3279360.71246457
134689.045221434,-7292.16882324219,-37692.9609475463,3279557.85311421
134889.177532312,-7273.80159505208,-37658.4862305293,3279754.99376386
135089.309843191,-7256.73840332031,-37624.0115135123,3279952.13441351
135289.44215407,-7262.28304036458,-37589.5367964953,3280149.27506316
135489.574464949,-7265.14335123698,-37555.0620794782,3280346.41571281
135689.706775828,-7268.49914550781,-37520.5873624612,3280543.55636246
135889.839086706,-7235.35811360677,-37486.1126454442,3280740.69701211
136089.971397585,-7142.44360351563,-37451.6379284272,3280937.83766176
136290.103708464,-7014.48282877604,-37417.1632114102,3281134.97831141
136490.236019343,-6849.3769124349,-37382.6884943931,3281332.11896106
136690.368330222,-6668.9873046875,-37348.2137773761,3281529.25961071
136890.500641101,-6477.23014322917,-37313.7390603591,3281726.40026036
137090.632951979,-6248.86279296875,-37279.2643433421,3281923.54091001
137290.765262858,-5966.27571614583,-37244.789626325,3282120.68155966
137490.897573737,-5774.52498372396,-37210.314909308,3282317.82220931
137691.029884616,-5639.71142578125,-37175.840192291,3282514.96285896
137891.162195495,-5412.19148763021,-37141.365475274,3282712.10350861
138091.294506373,-5132.75565592448,-37106.890758257,3282909.24415826
138291.426817252,-4877.24389648438,-37072.4160412399,3283106.38480791
138491.559128131,-4673.91377766927,-37037.9413242229,3283303.52545756
138691.69143901,-4539.68306477865,-37003.4666072059,3283500.66610721
138891.823749889,-4417.29903157552,-36968.9918901889,3283697.80675686
139091.956060767,-4329.14794921875,-36934.5171731719,3283894.94740651
139292.088371646,-4271.93412272135,-36900.0424561548,3284092.08805616
139492.220682525,-4246.33357747396,-36865.5677391378,3284289.22870581
139692.352993404,-4225.5360921224,-36831.0930221208,3284486.36935546
139892.485304283,-4184.90515136719,-36796.6183051038,3284683.51000511
140092.617615161,-4145.76985677083,-36762.1435880868,3284880.65065476
140292.74992604,-4138.26135253906,-36727.6688710697,3285077.7913044
140492.882236919,-4128.08343505859,-36693.1941540527,3285274.93195405
140693.014547798,-4122.60797119141,-36658.7194370357,3285472.0726037
140893.146858677,-4134.2920328776,-36624.2447200187,3285669.21325335
141093.279169555,-4161.52994791667,-36589.7700030017,3285866.353903
141293.411480434,-4296.76387532552,-36555.2952859846,3286063.49455265
141493.543791313,-4424.89440917969,-36520.8205689676,3286260.6352023
141693.676102192,-4540.60986328125,-36486.3458519506,3286457.77585195
141893.808413071,-4647.5624593099,-36451.8711349336,3286654.9165016
142093.940723949,-4757.6875,-36417.3964179165,3286852.05715125
142294.073034828,-4892.91076660156,-36382.9217008995,3287049.1978009
142494.205345707,-5065.90454101563,-36348.4469838825,3287246.33845055
142694.337656586,-5198.38130696615,-36313.9722668655,3287443.4791002
142894.469967465,-5283.89929199219,-36279.4975498485,3287640.61974985
143094.602278343,-5316.57214355469,-36245.0228328314,3287837.7603995
143294.734589222,-5398.1582438151,-36210.5481158144,3288034.90104915
143494.866900101,-5463.91731770833,-36176.0733987974,3288232.0416988
143694.99921098,-5272.55131022135,-36141.5986817804,3288429.18234845
143895.131521859,-5128.06225585938,-36107.1239647634,3288626.3229981
144095.263832737,-4997.73347981771,-36072.6492477463,3288823.46364775
144295.396143616,-4859.48026529948,-36038.1745307293,3289020.6042974
144495.528454495,-4741.54833984375,-36003.6998137123,3289217.74494705
144695.660765374,-4617.65905761719,-35969.2250966953,3289414.8855967
144895.793076253,-4476.83015950521,-35934.7503796783,3289612.02624635
145095.925387131,-4404.85628255208,-35900.2756626612,3289809.166896
145296.05769801,-4334.94543457031,-35865.8009456442,3290006.30754565
145496.190008889,-4264.48649088542,-35831.3262286272,3290203.4481953
145696.322319768,-4211.47896321615,-35796.8515116102,3290400.58884495
145896.454630647,-4161.15997314453,-35762.3767945932,3290597.72949459
146096.586941525,-4112.40808105469,-35727.9020775761,3290794.87014424
146296.719252404,-4076.16935221354,-35693.4273605591,3290992.01079389
146496.851563283,-4043.10996500651,-35658.9526435421,3291189.15144354
146696.983874162,-4016.13258870443,-35624.4779265251,3291386.29209319
146897.116185041,-3991.36730957031,-35590.003209508,3291583.43274284
147097.248495919,-3987.36399332682,-35555.528492491,3291780.57339249
147297.380806798,-3995.45762125651,-35521.053775474,3291977.71404214
147497.513117677,-4004.92525227865,-35486.579058457,3292174.85469179
147697.645428556,-4006.31046549479,-35452.10434144,3292371.99534144
147897.777739435,-4014.85042317708,-35417.629624423,3292569.13599109
148097.910050313,-4049.0215250651,-35383.1549074059,3292766.27664074
148298.042361192,-4095.78039550781,-35348.6801903889,3292963.41729039
148498.174672071,-4156.43646240234,-35314.2054733719,3293160.55794004
148698.30698295,-4282.5390218099,-35279.7307563549,3293357.69858969
148898.439293829,-4451.04756673177,-35245.2560393378,3293554.83923934
149098.571604707,-4532.70397949219,-35210.7813223208,3293751.97988899
149298.703915586,-4425.86682128906,-35176.3066053038,3293949.12053864
149498.836226465,-4303.63610839844,-35141.8318882868,3294146.26118829
149698.968537344,-4197.73775227865,-35107.3571712698,3294343.40183794
149899.100848223,-4103.24241129557,-35072.8824542527,3294540.54248759
150099.233159101,-4021.30594889323,-35038.4077372357,3294737.68313724
150299.36546998,-3924.74554443359,-35003.9330202187,3294934.82378689
150499.497780859,-3816.11710611979,-34969.4583032017,3295131.96443654
150699.630091738,-3692.3583984375,-34934.9835861847,3295329.10508619
150899.762402617,-3575.79140218099,-34900.5088691676,3295526.24573584
151099.894713495,-3526.46795654297,-34866.0341521506,3295723.38638549
151300.027024374,-3515.07784016927,-34831.5594351336,3295920.52703514
151500.159335253,-3524.20389811198,-34797.0847181166,3296117.66768479
151700.291646132,-3563.41914876302,-34762.6100010996,3296314.80833443
151900.423957011,-3629.80556233724,-34728.1352840825,3296511.94898408
152100.556267889,-3679.18157958984,-34693.6605670655,3296709.08963373
152300.688578768,-3706.40690104167,-34659.1858500485,3296906.23028338
152500.820889647,-3725.0014851888,-34624.7111330315,3297103.37093303
152700.953200526,-3724.94211832682,-34590.2364160144,3297300.51158268
152901.085511405,-3710.96748860677,-34555.7616989974,3297497.65223233
153101.217822283,-3722.91426595052,-34521.2869819804,3297694.79288198
153301.350133162,-3758.94689941406,-34486.8122649634,3297891.93353163
153501.482444041,-3824.18245442708,-34452.3375479464,3298089.07418128
153701.61475492,-3886.90234375,-34417.8628309293,3298286.21483093
153901.747065799,-3921.59690348307,-34383.3881139123,3298483.35548058
154101.879376677,-3989.63401285807,-34348.9133968953,3298680.49613023
154302.011687556,-4036.69663492839,-34314.4386798783,3298877.63677988
154502.143998435,-4030.46295166016,-34279.9639628613,3299074.77742953
154702.276309314,-4105.44264729818,-34245.4892458442,3299271.91807918
154902.408620193,-4172.10567220052,-34211.0145288272,3299469.05872883
155102.540931071,-4191.73315429688,-34176.5398118102,3299666.19937848
155302.67324195,-4204.61252848307,-34142.0650947932,3299863.34002813
155502.805552829,-4150.35809326172,-34107.5903777762,3300060.48067778
155702.937863708,-4158.20786539714,-34073.1156607591,3300257.62132743
155903.070174587,-4130.62418619792,-34038.6409437421,3300454.76197708
156103.202485466,-4152.47682698568,-34004.1662267251,3300651.90262673
156303.334796344,-4196.24082438151,-33969.6915097081,3300849.04327638
156503.467107223,-4260.32373046875,-33935.2167926911,3301046.18392603
156703.599418102,-4367.4228515625,-33900.742075674,3301243.32457568
156903.731728981,-4493.07653808594,-33866.267358657,3301440.46522533
157103.86403986,-4626.66569010417,-33831.79264164,3301637.60587498
157303.996350738,-4755.08215332031,-33797.317924623,3301834.74652462
157504.128661617,-4844.42826334635,-33762.843207606,3302031.88717427
157704.260972496,-4700.21114095052,-33728.3684905889,3302229.02782392
157904.393283375,-4427.10502115885,-33693.8937735719,3302426.16847357
158104.525594254,-4292.15214029948,-33659.4190565549,3302623.30912322
158304.657905132,-4247.70735677083,-33624.9443395379,3302820.44977287
158504.790216011,-4239.32202148438,-33590.4696225208,3303017.59042252
158704.92252689,-4248.53234863281,-33555.9949055038,3303214.73107217
158905.054837769,-4268.00752766927,-33521.5201884868,3303411.87172182
159105.187148648,-4324.89274088542,-33487.0454714698,3303609.01237147
159305.319459526,-4401.63822428385,-33452.5707544528,3303806.15302112
159505.451770405,-4470.62829589844,-33418.0960374357,3304003.29367077
159705.584081284,-4532.6337890625,-33383.6213204187,3304200.43432042
159905.716392163,-4600.11027018229,-33349.1466034017,3304397.57497007
160105.848703042,-4647.80741373698,-33314.6718863847,3304594.71561972
160305.98101392,-4679.40356445313,-33280.1971693677,3304791.85626937
160506.113324799,-4733.75915527344,-33245.7224523506,3304988.99691902
160706.245635678,-4813.82389322917,-33211.2477353336,3305186.13756867
160906.377946557,-4886.6738688151,-33176.7730183166,3305383.27821832
161106.510257436,-4959.08992513021,-33142.2983012996,3305580.41886797
161306.642568314,-5029.88012695313,-33107.8235842826,3305777.55951762
161506.774879193,-5098.44165039063,-33073.3488672655,3305974.70016727
161706.907190072,-5118.25276692708,-33038.8741502485,3306171.84081692
161907.039500951,-5131.27876790365,-33004.3994332315,3306368.98146657
162107.17181183,-5134.48555501302,-32969.9247162145,3306566.12211622
162307.304122708,-5126.90494791667,-32935.4499991975,3306763.26276587
162507.436433587,-5114.59045410156,-32900.9752821804,3306960.40341552
162707.568744466,-5122.28340657552,-32866.5005651634,3307157.54406517
162907.701055345,-5126.65397135417,-32832.0258481464,3307354.68471482
163107.833366224,-5142.61401367188,-32797.5511311294,3307551.82536446
163307.965677102,-5162.79386393229,-32763.0764141123,3307748.96601411
163508.097987981,-5214.3193359375,-32728.6016970953,3307946.10666376
163708.23029886,-5223.44091796875,-32694.1269800783,3308143.24731341
163908.362609739,-5210.48970540365,-32659.6522630613,3308340.38796306
164108.494920618,-5092.41316731771,-32625.1775460443,3308537.52861271
164308.627231496,-4947.78336588542,-32590.7028290272,3308734.66926236
164508.759542375,-4839.04597981771,-32556.2281120102,3308931.80991201
164708.891853254,-4790.22111002604,-32521.7533949932,3309128.95056166
164909.024164133,-4803.54093424479,-32487.2786779762,3309326.09121131
165109.156475012,-4885.75374348958,-32452.8039609592,3309523.23186096
165309.28878589,-5031.66044108073,-32418.3292439421,3309720.37251061
165509.421096769,-5208.65983072917,-32383.8545269251,3309917.51316026
165709.553407648,-5337.22774251302,-32349.3798099081,3310114.65380991
165909.685718527,-5433.70365397135,-32314.9050928911,3310311.79445956
166109.818029406,-5513.4540608724,-32280.4303758741,3310508.93510921
166309.950340284,-5490.76041666667,-32245.955658857,3310706.07575886
166510.082651163,-5353.42057291667,-32211.48094184,3310903.21640851
166710.214962042,-5183.28055826823,-32177.006224823,3311100.35705816
166910.347272921,-5028.70345052083,-32142.531507806,3311297.49770781
167110.4795838,-4902.72497558594,-32108.056790789,3311494.63835746
167310.611894678,-4768.30521647135,-32073.5820737719,3311691.77900711
167510.744205557,-4651.73319498698,-32039.1073567549,3311888.91965676
167710.876516436,-4517.9423828125,-32004.6326397379,3312086.06030641
167911.008827315,-4352.92667643229,-31970.1579227209,3312283.20095606
168111.141138194,-4237.09773763021,-31935.6832057038,3312480.34160571
168311.273449072,-4190.04919433594,-31901.2084886868,3312677.48225536
168511.405759951,-4268.55200195313,-31866.7337716698,3312874.62290501
168711.53807083,-4324.74755859375,-31832.2590546528,3313071.76355466
168911.670381709,-4317.85139973958,-31797.7843376358,3313268.9042043
169111.802692588,-4382.97448730469,-31763.3096206187,3313466.04485395
169311.935003466,-4440.17903645833,-31728.8349036017,3313663.1855036
169512.067314345,-4452.03356933594,-31694.3601865847,3313860.32615325
169712.199625224,-4455.66923014323,-31659.8854695677,3314057.4668029
169912.331936103,-4490.1123453776,-31625.4107525507,3314254.60745255
170112.464246982,-4549.61067708333,-31590.9360355336,3314451.7481022
170312.59655786,-4639.57381184896,-31556.4613185166,3314648.88875185
170512.728868739,-4725.4648844401,-31521.9866014996,3314846.0294015
170712.861179618,-4786.0575764974,-31487.5118844826,3315043.17005115
170912.993490497,-4814.4110921224,-31453.0371674656,3315240.3107008
171113.125801376,-4865.67207845052,-31418.5624504485,3315437.45135045
171313.258112254,-4918.63716634115,-31384.0877334315,3315634.5920001
171513.390423133,-4958.42797851563,-31349.6130164145,3315831.73264975
171713.522734012,-4972.22403971354,-31315.1382993975,3316028.8732994
171913.655044891,-4988.01863606771,-31280.6635823805,3316226.01394905
172113.78735577,-5011.94982910156,-31246.1888653634,3316423.1545987
172313.919666648,-5035.77998860677,-31211.7141483464,3316620.29524835
172514.051977527,-5090.55244954427,-31177.2394313294,3316817.435898
172714.184288406,-5158.61515299479,-31142.7647143124,3317014.57654765
172914.316599285,-5211.86629231771,-31108.2899972953,3317211.7171973
173114.448910164,-5277.80513509115,-31073.8152802783,3317408.85784695
173314.581221042,-5349.30021158854,-31039.3405632613,3317605.9984966
173514.713531921,-5390.12186686198,-31004.8658462443,3317803.13914625
173714.8458428,-5503.75984700521,-30970.3911292273,3318000.2797959
173914.978153679,-5619.07377115885,-30935.9164122102,3318197.42044555
174115.110464558,-5571.84899902344,-30901.4416951932,3318394.5610952
174315.242775436,-5555.1221110026,-30866.9669781762,3318591.70174485
174515.375086315,-5446.53116861979,-30832.4922611592,3318788.84239449
174715.507397194,-5462.54060872396,-30798.0175441422,3318985.98304414
174915.639708073,-5590.88741048177,-30763.5428271251,3319183.12369379
175115.772018952,-5564.3506266276,-30729.0681101081,3319380.26434344
175315.90432983,-5475.58703613281,-30694.5933930911,3319577.40499309
175516.036640709,-5424.80342610677,-30660.1186760741,3319774.54564274
175716.168951588,-5461.82649739583,-30625.6439590571,3319971.68629239
175916.301262467,-5512.04191080729,-30591.16924204,3320168.82694204
176116.433573346,-5567.95092773438,-30556.694525023,3320365.96759169
176316.565884224,-5596.17154947917,-30522.219808006,3320563.10824134
176516.698195103,-5656.68981933594,-30487.745090989,3320760.24889099
176716.830505982,-5716.89139811198,-30453.270373972,3320957.38954064
176916.962816861,-5655.57458496094,-30418.7956569549,3321154.53019029
177117.09512774,-5601.439453125,-30384.3209399379,3321351.67083994
177317.227438618,-5617.08138020833,-30349.8462229209,3321548.81148959
177517.359749497,-5607.52950032552,-30315.3715059039,3321745.95213924
177717.492060376,-5575.30786132813,-30280.8967888869,3321943.09278889
177917.624371255,-5542.98291015625,-30246.4220718698,3322140.23343854
178117.756682134,-5578.60904947917,-30211.9473548528,3322337.37408819
178317.888993013,-5663.24015299479,-30177.4726378358,3322534.51473784
178518.021303891,-5772.72338867188,-30142.9979208188,3322731.65538749
178718.15361477,-5861.3163655599,-30108.5232038017,3322928.79603714
178918.285925649,-5909.15311686198,-30074.0484867847,3323125.93668679
179118.418236528,-5842.84517415365,-30039.5737697677,3323323.07733644
179318.550547407,-5758.74792480469,-30005.0990527507,3323520.21798609
179518.682858285,-5717.05607096354,-29970.6243357337,3323717.35863574
179718.815169164,-5646.56913248698,-29936.1496187166,3323914.49928539
179918.947480043,-5580.24165852865,-29901.6749016996,3324111.63993504
180119.079790922,-5634.35135904948,-29867.2001846826,3324308.78058469
180319.212101801,-5724.87674967448,-29832.7254676656,3324505.92123433
180519.344412679,-5750.89872233073,-29798.2507506486,3324703.06188398
180719.476723558,-5796.58426920573,-29763.7760336315,3324900.20253363
180919.609034437,-5821.21016438802,-29729.3013166145,3325097.34318328
181119.741345316,-5745.24829101563,-29694.8265995975,3325294.48383293
181319.873656195,-5652.0566813151,-29660.3518825805,3325491.62448258
181520.005967073,-5633.9296468099,-29625.8771655635,3325688.76513223
181720.138277952,-5621.0869547526,-29591.4024485464,3325885.90578188
181920.270588831,-5643.98657226563,-29556.9277315294,3326083.04643153
182120.40289971,-5632.3672281901,-29522.4530145124,3326280.18708118
182320.535210589,-5642.59602864583,-29487.9782974954,3326477.32773083
182520.667521467,-5683.09700520833,-29453.5035804784,3326674.46838048
182720.799832346,-5736.28206380208,-29419.0288634613,3326871.60903013
182920.932143225,-5785.29455566406,-29384.5541464443,3327068.74967978
183121.064454104,-5776.20959472656,-29350.0794294273,3327265.89032943
183321.196764983,-5729.30965169271,-29315.6047124103,3327463.03097908
183521.329075861,-5688.23783365885,-29281.1299953933,3327660.17162873
183721.46138674,-5644.92211914063,-29246.6552783762,3327857.31227838
183921.593697619,-5548.30224609375,-29212.1805613592,3328054.45292803
184121.726008498,-5489.58154296875,-29177.7058443422,3328251.59357768
184321.858319377,-5478.09493001302,-29143.2311273252,3328448.73422733
184521.990630255,-5439.59753417969,-29108.7564103081,3328645.87487698
184722.122941134,-5393.22737630208,-29074.2816932911,3328843.01552663
184922.255252013,-5414.50476074219,-29039.8069762741,3329040.15617628
185122.387562892,-5468.59977213542,-29005.3322592571,3329237.29682593
185322.519873771,-5523.37727864583,-28970.8575422401,3329434.43747558
185522.652184649,-5521.42468261719,-28936.382825223,3329631.57812523
185722.784495528,-5506.40995279948,-28901.908108206,3329828.71877488
185922.916806407,-5464.96724446615,-28867.433391189,3330025.85942452
186123.049117286,-5456.49084472656,-28832.958674172,3330223.00007417
186323.181428165,-5448.64933268229,-28798.483957155,3330420.14072382
186523.313739043,-5478.01298014323,-28764.0092401379,3330617.28137347
186723.446049922,-5452.25988769531,-28729.5345231209,3330814.42202312
186923.578360801,-5387.9237874349,-28695.0598061039,3331011.56267277
187123.71067168,-5364.92277018229,-28660.5850890869,3331208.70332242
187323.842982559,-5355.68957519531,-28626.1103720699,3331405.84397207
187523.975293437,-5307.0341796875,-28591.6356550528,3331602.98462172
187724.107604316,-5252.98555501302,-28557.1609380358,3331800.12527137
187924.239915195,-5212.72009277344,-28522.6862210188,3331997.26592102
188124.372226074,-5196.78055826823,-28488.2115040018,3332194.40657067
188324.504536953,-5182.78299967448,-28453.7367869848,3332391.54722032
188524.636847831,-5185.14233398438,-28419.2620699677,3332588.68786997
188724.76915871,-5178.01021321615,-28384.7873529507,3332785.82851962
188924.901469589,-5154.11938476563,-28350.3126359337,3332982.96916927
189125.033780468,-5131.66743977865,-28315.8379189167,3333180.10981892
189325.166091347,-5114.71846516927,-28281.3632018996,3333377.25046857
189525.298402225,-5107.3612874349,-28246.8884848826,3333574.39111822
189725.430713104,-5088.27937825521,-28212.4137678656,3333771.53176787
189925.563023983,-5091.95768229167,-28177.9390508486,3333968.67241752
190125.695334862,-5083.43408203125,-28143.4643338316,3334165.81306717
190325.827645741,-5065.66756184896,-28108.9896168145,3334362.95371682
190525.959956619,-5059.27913411458,-28074.5148997975,3334560.09436647
190726.092267498,-5026.86511230469,-28040.0401827805,3334757.23501612
190926.224578377,-4999.45288085938,-28005.5654657635,3334954.37566577
191126.356889256,-4978.93473307292,-27971.0907487465,3335151.51631542
191326.489200135,-4968.18245442708,-27936.6160317294,3335348.65696507
191526.621511013,-4959.35400390625,-27902.1413147124,3335545.79761472
191726.753821892,-4954.07246907552,-27867.6665976954,3335742.93826436
191926.886132771,-4960.4228922526,-27833.1918806784,3335940.07891401
192127.01844365,-4963.40759277344,-27798.7171636614,3336137.21956366
192327.150754529,-4952.44462076823,-27764.2424466443,3336334.36021331
192527.283065407,-4949.23254394531,-27729.7677296273,3336531.50086296
192727.415376286,-4943.64379882813,-27695.2930126103,3336728.64151261
192927.547687165,-4959.37829589844,-27660.8182955933,3336925.78216226
193127.679998044,-4975.4619140625,-27626.3435785763,3337122.92281191
193327.812308923,-4982.57596842448,-27591.8688615592,3337320.06346156
193527.944619801,-4990.75720214844,-27557.3941445422,3337517.20411121
193728.07693068,-4988.59908040365,-27522.9194275252,3337714.34476086
193928.209241559,-4973.95715332031,-27488.4447105082,3337911.48541051
194128.341552438,-4960.22233072917,-27453.9699934911,3338108.62606016
194328.473863317,-4947.37955729167,-27419.4952764741,3338305.76670981
194528.606174195,-4937.21065266927,-27385.0205594571,3338502.90735946
194728.738485074,-4945.22611490885,-27350.5458424401,3338700.04800911
194928.870795953,-4970.8428141276,-27316.0711254231,3338897.18865876
195129.003106832,-4984.56465657552,-27281.596408406,3339094.32930841
195329.135417711,-4982.65409342448,-27247.121691389,3339291.46995806
195529.267728589,-4972.55395507813,-27212.646974372,3339488.61060771
195729.400039468,-4963.78853352865,-27178.172257355,3339685.75125736
195929.532350347,-4954.95361328125,-27143.697540338,3339882.89190701
196129.664661226,-4950.64038085938,-27109.2228233209,3340080.03255666
196329.796972105,-4946.2685953776,-27074.7481063039,3340277.17320631
196529.929282983,-4946.47037760417,-27040.2733892869,3340474.31385596
196730.061593862,-4945.13000488281,-27005.7986722699,3340671.45450561
196930.193904741,-4946.05061848958,-26971.3239552529,3340868.59515526
197130.32621562,-4943.31168619792,-26936.8492382358,3341065.73580491
197330.458526499,-4940.25655110677,-26902.3745212188,3341262.87645455
197530.590837378,-4934.4873046875,-26867.8998042018,3341460.0171042
197730.723148256,-4929.42362467448,-26833.4250871848,3341657.15775385
197930.855459135,-4925.16324869792,-26798.9503701678,3341854.2984035
198130.987770014,-4919.05598958333,-26764.4756531507,3342051.43905315
198331.120080893,-4913.14363606771,-26730.0009361337,3342248.5797028
198531.252391772,-4907.6161702474,-26695.5262191167,3342445.72035245
198731.38470265,-4899.9247639974,-26661.0515020997,3342642.8610021
198931.517013529,-4894.31481933594,-26626.5767850826,3342840.00165175
199131.649324408,-4884.54935709635,-26592.1020680656,3343037.1423014
199331.781635287,-4878.48091634115,-26557.6273510486,3343234.28295105
199531.913946165,-4870.34501139323,-26523.1526340316,3343431.4236007
199732.046257044,-4865.59871419271,-26488.6779170146,3343628.56425035
199932.178567923,-4859.38232421875,-26454.2031999975,3343825.7049
